symbol,yahoo_ticker,exchange,name,sector,index_membership,is_active
RELIANCE,RELIANCE.NS,NSE,Reliance Industries Ltd,Oil Gas & Consumable Fuels,NIFTY50,TRUE
HDFCBANK,HDFCBANK.NS,NSE,HDFC Bank Ltd,Financial Services,NIFTY50,TRUE
BHARTIARTL,BHARTIARTL.NS,NSE,Bharti Airtel Ltd,Telecommunication,NIFTY50,TRUE
ICICIBANK,ICICIBANK.NS,NSE,ICICI Bank Ltd,Financial Services,NIFTY50,TRUE
SBIN,SBIN.NS,NSE,State Bank of India,Financial Services,NIFTY50,TRUE
TCS,TCS.NS,NSE,Tata Consultancy Services Ltd,Information Technology,NIFTY50,TRUE
BAJFINANCE,BAJFINANCE.NS,NSE,Bajaj Finance Ltd,Financial Services,NIFTY50,TRUE
LT,LT.NS,NSE,Larsen & Toubro Ltd,Construction,NIFTY50,TRUE
LICI,LICI.NS,NSE,Life Insurance Corporation of India,Financial Services,NIFTY50,TRUE
HINDUNILVR,HINDUNILVR.NS,NSE,Hindustan Unilever Ltd,Fast Moving Consumer Goods,NIFTY50,TRUE
INFY,INFY.NS,NSE,Infosys Ltd,Information Technology,NIFTY50,TRUE
ADANIPOWER,ADANIPOWER.NS,NSE,Adani Power Ltd,Power,NIFTY50,TRUE
SUNPHARMA,SUNPHARMA.NS,NSE,Sun Pharmaceutical Industries Ltd,Healthcare,NIFTY50,TRUE
ADANIPORTS,ADANIPORTS.NS,NSE,Adani Ports and Special Economic Zone Ltd,Services,NIFTY50,TRUE
MARUTI,MARUTI.NS,NSE,Maruti Suzuki India Ltd,Automobile and Auto Components,NIFTY50,TRUE
ADANIENT,ADANIENT.NS,NSE,Adani Enterprises Ltd,Metals & Mining,NIFTY50,TRUE
AXISBANK,AXISBANK.NS,NSE,Axis Bank Ltd,Financial Services,NIFTY50,TRUE
TITAN,TITAN.NS,NSE,Titan Company Ltd,Consumer Durables,NIFTY50,TRUE
KOTAKBANK,KOTAKBANK.NS,NSE,Kotak Mahindra Bank Ltd,Financial Services,NIFTY50,TRUE
ITC,ITC.NS,NSE,ITC Ltd,Fast Moving Consumer Goods,NIFTY50,TRUE
NTPC,NTPC.NS,NSE,NTPC Ltd,Power,NIFTY50,TRUE
M&M,M&M.NS,NSE,Mahindra & Mahindra Ltd,Automobile and Auto Components,NIFTY50,TRUE
ONGC,ONGC.NS,NSE,Oil and Natural Gas Corporation Ltd,Oil Gas & Consumable Fuels,NIFTY50,TRUE
ULTRACEMCO,ULTRACEMCO.NS,NSE,UltraTech Cement Ltd,Construction Materials,NIFTY50,TRUE
JSWSTEEL,JSWSTEEL.NS,NSE,JSW Steel Ltd,Metals & Mining,NIFTY50,TRUE
HCLTECH,HCLTECH.NS,NSE,HCL Technologies Ltd,Information Technology,NIFTY50,TRUE
COALINDIA,COALINDIA.NS,NSE,Coal India Ltd,Oil Gas & Consumable Fuels,NIFTY50,TRUE
BEL,BEL.NS,NSE,Bharat Electronics Ltd,Capital Goods,NIFTY50,TRUE
BAJAJ-AUTO,BAJAJ-AUTO.NS,NSE,Bajaj Auto Ltd,Automobile and Auto Components,NIFTY50,TRUE
HAL,HAL.NS,NSE,Hindustan Aeronautics Ltd,Capital Goods,NIFTY50,TRUE
BAJAJFINSV,BAJAJFINSV.NS,NSE,Bajaj Finserv Ltd,Financial Services,NIFTY50,TRUE
DMART,DMART.NS,NSE,Avenue Supermarts Ltd,Consumer Services,NIFTY50,TRUE
NESTLEIND,NESTLEIND.NS,NSE,Nestle India Ltd,Fast Moving Consumer Goods,NIFTY50,TRUE
POWERGRID,POWERGRID.NS,NSE,Power Grid Corporation of India Ltd,Power,NIFTY50,TRUE
TATASTEEL,TATASTEEL.NS,NSE,Tata Steel Ltd,Metals & Mining,NIFTY50,TRUE
ASIANPAINT,ASIANPAINT.NS,NSE,Asian Paints Ltd,Consumer Durables,NIFTY50,TRUE
ADANIGREEN,ADANIGREEN.NS,NSE,Adani Green Energy Ltd,Power,NIFTY50,TRUE
HINDALCO,HINDALCO.NS,NSE,Hindalco Industries Ltd,Metals & Mining,NIFTY50,TRUE
HINDZINC,HINDZINC.NS,NSE,Hindustan Zinc Ltd,Metals & Mining,NIFTY50,TRUE
ETERNAL,ETERNAL.NS,NSE,Eternal Ltd,Consumer Services,NIFTY50,TRUE
SHRIRAMFIN,SHRIRAMFIN.NS,NSE,Shriram Finance Ltd,Financial Services,NIFTY50,TRUE
GRASIM,GRASIM.NS,NSE,Grasim Industries Ltd,Construction Materials,NIFTY50,TRUE
WIPRO,WIPRO.NS,NSE,Wipro Ltd,Information Technology,NIFTY50,TRUE
EICHERMOT,EICHERMOT.NS,NSE,Eicher Motors Ltd,Automobile and Auto Components,NIFTY50,TRUE
IOC,IOC.NS,NSE,Indian Oil Corporation Ltd,Oil Gas & Consumable Fuels,NIFTY50,TRUE
ADANIENSOL,ADANIENSOL.NS,NSE,Adani Energy Solutions Ltd,Power,NIFTY50,TRUE
SBILIFE,SBILIFE.NS,NSE,SBI Life Insurance Company Ltd,Financial Services,NIFTY50,TRUE
VBL,VBL.NS,NSE,Varun Beverages Ltd,Fast Moving Consumer Goods,NIFTY50,TRUE
DIVISLAB,DIVISLAB.NS,NSE,Divi's Laboratories Ltd,Healthcare,NIFTY50,TRUE
INDIGO,INDIGO.NS,NSE,InterGlobe Aviation Ltd,Services,NIFTY50,TRUE
SOLARINDS,SOLARINDS.NS,NSE,Solar Industries India Ltd,Chemicals,NIFTYNEXT50,TRUE
POWERINDIA,POWERINDIA.NS,NSE,Hitachi Energy India Ltd,,NIFTYNEXT50,TRUE
IDEA,IDEA.NS,NSE,Vodafone Idea Ltd,,NIFTYNEXT50,TRUE
TVSMOTOR,TVSMOTOR.NS,NSE,TVS Motor Company Ltd,Automobile and Auto Components,NIFTYNEXT50,TRUE
ICICIAMC,ICICIAMC.NS,NSE,ICICI Prudential Asset Management Company Ltd,,NIFTYNEXT50,TRUE
CUMMINSIND,CUMMINSIND.NS,NSE,Cummins India Ltd,,NIFTYNEXT50,TRUE
BSE,BSE.NS,NSE,BSE Ltd,,NIFTYNEXT50,TRUE
JIOFIN,JIOFIN.NS,NSE,Jio Financial Services Ltd,Financial Services,NIFTYNEXT50,TRUE
HYUNDAI,HYUNDAI.NS,NSE,Hyundai Motor India Ltd,Automobile and Auto Components,NIFTYNEXT50,TRUE
ABB,ABB.NS,NSE,ABB India Ltd,Capital Goods,NIFTYNEXT50,TRUE
MOTHERSON,MOTHERSON.NS,NSE,Samvardhana Motherson International Ltd,Automobile and Auto Components,NIFTYNEXT50,TRUE
PIDILITIND,PIDILITIND.NS,NSE,Pidilite Industries Ltd,Chemicals,NIFTYNEXT50,TRUE
TORNTPHARM,TORNTPHARM.NS,NSE,Torrent Pharmaceuticals Ltd,Healthcare,NIFTYNEXT50,TRUE
TRENT,TRENT.NS,NSE,Trent Ltd,Consumer Services,NIFTYNEXT50,TRUE
CGPOWER,CGPOWER.NS,NSE,CG Power and Industrial Solutions Ltd,Capital Goods,NIFTYNEXT50,TRUE
TMPV,TMPV.NS,NSE,Tata Motors Passenger Vehicles Ltd,Automobile and Auto Components,NIFTYNEXT50,TRUE
POLYCAB,POLYCAB.NS,NSE,Polycab India Ltd,,NIFTYNEXT50,TRUE
DLF,DLF.NS,NSE,DLF Ltd,Realty,NIFTYNEXT50,TRUE
PFC,PFC.NS,NSE,Power Finance Corporation Ltd,Financial Services,NIFTYNEXT50,TRUE
BANKBARODA,BANKBARODA.NS,NSE,Bank of Baroda Ltd,Financial Services,NIFTYNEXT50,TRUE
TMCV,TMCV.NS,NSE,Tata Motors Ltd,,NIFTYNEXT50,TRUE
BHEL,BHEL.NS,NSE,Bharat Heavy Electricals Ltd,,NIFTYNEXT50,TRUE
TATACAP,TATACAP.NS,NSE,Tata Capital Ltd,,NIFTYNEXT50,TRUE
SIEMENS,SIEMENS.NS,NSE,Siemens Ltd,Capital Goods,NIFTYNEXT50,TRUE
TECHM,TECHM.NS,NSE,Tech Mahindra Ltd,Information Technology,NIFTYNEXT50,TRUE
TATAPOWER,TATAPOWER.NS,NSE,Tata Power Company Ltd,Power,NIFTYNEXT50,TRUE
ENRIN,ENRIN.NS,NSE,Siemens Energy India Ltd,Capital Goods,NIFTYNEXT50,TRUE
GVT_D,GVT%26D.NS,NSE,GE Vernova T&D India Ltd,,NIFTYNEXT50,TRUE
CHOLAFIN,CHOLAFIN.NS,NSE,Cholamandalam Investment and Finance Company Ltd,Financial Services,NIFTYNEXT50,TRUE
BPCL,BPCL.NS,NSE,Bharat Petroleum Corporation Ltd,Oil Gas & Consumable Fuels,NIFTYNEXT50,TRUE
UNIONBANK,UNIONBANK.NS,NSE,Union Bank of India,,NIFTYNEXT50,TRUE
MUTHOOTFIN,MUTHOOTFIN.NS,NSE,Muthoot Finance Ltd,,NIFTYNEXT50,TRUE
IRFC,IRFC.NS,NSE,Indian Railway Finance Corporation Ltd,Financial Services,NIFTYNEXT50,TRUE
HDFCLIFE,HDFCLIFE.NS,NSE,HDFC Life Insurance Company Ltd,Financial Services,NIFTYNEXT50,TRUE
BRITANNIA,BRITANNIA.NS,NSE,Britannia Industries Ltd,Fast Moving Consumer Goods,NIFTYNEXT50,TRUE
VEDL,VEDL.NS,NSE,Vedanta Ltd,Metals & Mining,NIFTYNEXT50,TRUE
CANBK,CANBK.NS,NSE,Canara Bank,Financial Services,NIFTYNEXT50,TRUE
GROWW,GROWW.NS,NSE,Billionbrains Garage Ventures Ltd,,NIFTYNEXT50,TRUE
PNB,PNB.NS,NSE,Punjab National Bank,Financial Services,NIFTYNEXT50,TRUE
JINDALSTEL,JINDALSTEL.NS,NSE,Jindal Steel Ltd,Metals & Mining,NIFTYNEXT50,TRUE
LTM,LTM.NS,NSE,LTM Ltd,,NIFTYNEXT50,TRUE
APOLLOHOSP,APOLLOHOSP.NS,NSE,Apollo Hospitals Enterprise Ltd,Healthcare,NIFTYNEXT50,TRUE
BAJAJHLDNG,BAJAJHLDNG.NS,NSE,Bajaj Holdings & Investment Ltd,Financial Services,NIFTYNEXT50,TRUE
INDIANB,INDIANB.NS,NSE,Indian Bank,,NIFTYNEXT50,TRUE
INDUSTOWER,INDUSTOWER.NS,NSE,Indus Towers Ltd,,NIFTYNEXT50,TRUE
CIPLA,CIPLA.NS,NSE,Cipla Ltd,Healthcare,NIFTYNEXT50,TRUE
TATACONSUM,TATACONSUM.NS,NSE,Tata Consumer Products Ltd,Fast Moving Consumer Goods,NIFTYNEXT50,TRUE
GAIL,GAIL.NS,NSE,GAIL (India) Ltd,Oil Gas & Consumable Fuels,NIFTYNEXT50,TRUE
BOSCHLTD,BOSCHLTD.NS,NSE,Bosch Ltd,Automobile and Auto Components,NIFTYNEXT50,TRUE
ZYDUSLIFE,ZYDUSLIFE.NS,NSE,Zydus Lifesciences Ltd,Healthcare,NIFTYNEXT50,TRUE
GMRAIRPORT,GMRAIRPORT.NS,NSE,GMR Airports Ltd,,NIFTYMIDCAP150,TRUE
JSWENERGY,JSWENERGY.NS,NSE,JSW Energy Ltd,Power,NIFTYMIDCAP150,TRUE
HDFCAMC,HDFCAMC.NS,NSE,HDFC Asset Management Company Ltd,,NIFTYMIDCAP150,TRUE
DRREDDY,DRREDDY.NS,NSE,Dr. Reddy's Laboratories Ltd,Healthcare,NIFTYMIDCAP150,TRUE
MARICO,MARICO.NS,NSE,Marico Ltd,,NIFTYMIDCAP150,TRUE
AMBUJACEM,AMBUJACEM.NS,NSE,Ambuja Cements Ltd,Construction Materials,NIFTYMIDCAP150,TRUE
LUPIN,LUPIN.NS,NSE,Lupin Ltd,,NIFTYMIDCAP150,TRUE
GODREJCP,GODREJCP.NS,NSE,Godrej Consumer Products Ltd,Fast Moving Consumer Goods,NIFTYMIDCAP150,TRUE
LGEINDIA,LGEINDIA.NS,NSE,LG Electronics India Ltd,,NIFTYMIDCAP150,TRUE
LLOYDSME,LLOYDSME.NS,NSE,Lloyds Metals and Energy Ltd,,NIFTYMIDCAP150,TRUE
MAZDOCK,MAZDOCK.NS,NSE,Mazagon Dock Shipbuilders Ltd,Capital Goods,NIFTYMIDCAP150,TRUE
HEROMOTOCO,HEROMOTOCO.NS,NSE,Hero MotoCorp Ltd,,NIFTYMIDCAP150,TRUE
MANKIND,MANKIND.NS,NSE,Mankind Pharma Ltd,,NIFTYMIDCAP150,TRUE
MAXHEALTH,MAXHEALTH.NS,NSE,Max Healthcare Institute Ltd,Healthcare,NIFTYMIDCAP150,TRUE
ABCAPITAL,ABCAPITAL.NS,NSE,Aditya Birla Capital Ltd,,NIFTYMIDCAP150,TRUE
INDHOTEL,INDHOTEL.NS,NSE,The Indian Hotels Company Ltd,Consumer Services,NIFTYMIDCAP150,TRUE
BHARATFORG,BHARATFORG.NS,NSE,Bharat Forge Ltd,,NIFTYMIDCAP150,TRUE
RECLTD,RECLTD.NS,NSE,REC Ltd,Financial Services,NIFTYMIDCAP150,TRUE
LODHA,LODHA.NS,NSE,Lodha Developers Ltd,Realty,NIFTYMIDCAP150,TRUE
UNITDSPR,UNITDSPR.NS,NSE,United Spirits Ltd,Fast Moving Consumer Goods,NIFTYMIDCAP150,TRUE
LENSKART,LENSKART.NS,NSE,Lenskart Solutions Ltd,,NIFTYMIDCAP150,TRUE
WAAREEENER,WAAREEENER.NS,NSE,Waaree Energies Ltd,,NIFTYMIDCAP150,TRUE
ICICIGI,ICICIGI.NS,NSE,ICICI Lombard General Insurance Company Ltd,Financial Services,NIFTYMIDCAP150,TRUE
SHREECEM,SHREECEM.NS,NSE,Shree Cement Ltd,Construction Materials,NIFTYMIDCAP150,TRUE
OFSS,OFSS.NS,NSE,Oracle Financial Services Software Ltd,,NIFTYMIDCAP150,TRUE
ASHOKLEY,ASHOKLEY.NS,NSE,Ashok Leyland Ltd,,NIFTYMIDCAP150,TRUE
NTPCGREEN,NTPCGREEN.NS,NSE,NTPC Green Energy Ltd,,NIFTYMIDCAP150,TRUE
AUROPHARMA,AUROPHARMA.NS,NSE,Aurobindo Pharma Ltd,,NIFTYMIDCAP150,TRUE
ATGL,ATGL.NS,NSE,Adani Total Gas Ltd,,NIFTYMIDCAP150,TRUE
HINDPETRO,HINDPETRO.NS,NSE,Hindustan Petroleum Corporation Ltd,,NIFTYMIDCAP150,TRUE
NMDC,NMDC.NS,NSE,NMDC Ltd,,NIFTYMIDCAP150,TRUE
SRF,SRF.NS,NSE,SRF Ltd,,NIFTYMIDCAP150,TRUE
SAIL,SAIL.NS,NSE,Steel Authority of India Ltd,,NIFTYMIDCAP150,TRUE
OIL,OIL.NS,NSE,Oil India Ltd,,NIFTYMIDCAP150,TRUE
IDBI,IDBI.NS,NSE,IDBI Bank Ltd,,NIFTYMIDCAP150,TRUE
LAURUSLABS,LAURUSLABS.NS,NSE,Laurus Labs Ltd,,NIFTYMIDCAP150,TRUE
MEESHO,MEESHO.NS,NSE,Meesho Ltd,,NIFTYMIDCAP150,TRUE
SUZLON,SUZLON.NS,NSE,Suzlon Energy Ltd,,NIFTYMIDCAP150,TRUE
NHPC,NHPC.NS,NSE,NHPC Ltd,,NIFTYMIDCAP150,TRUE
DABUR,DABUR.NS,NSE,Dabur India Ltd,,NIFTYMIDCAP150,TRUE
PERSISTENT,PERSISTENT.NS,NSE,Persistent Systems Ltd,,NIFTYMIDCAP150,TRUE
NYKAA,NYKAA.NS,NSE,FSN E-Commerce Ventures Ltd,,NIFTYMIDCAP150,TRUE
FEDERALBNK,FEDERALBNK.NS,NSE,The Federal Bank Ltd,,NIFTYMIDCAP150,TRUE
BHARTIHEXA,BHARTIHEXA.NS,NSE,Bharti Hexacom Ltd,,NIFTYMIDCAP150,TRUE
TORNTPOWER,TORNTPOWER.NS,NSE,Torrent Power Ltd,,NIFTYMIDCAP150,TRUE
FORTIS,FORTIS.NS,NSE,Fortis Healthcare Ltd,,NIFTYMIDCAP150,TRUE
YESBANK,YESBANK.NS,NSE,Yes Bank Ltd,,NIFTYMIDCAP150,TRUE
NATIONALUM,NATIONALUM.NS,NSE,National Aluminium Company Ltd,,NIFTYMIDCAP150,TRUE
AUBANK,AUBANK.NS,NSE,AU Small Finance Bank Ltd,,NIFTYMIDCAP150,TRUE
HAVELLS,HAVELLS.NS,NSE,Havells India Ltd,Consumer Durables,NIFTYMIDCAP150,TRUE
MCX,MCX.NS,NSE,Multi Commodity Exchange of India Ltd,,NIFTYMIDCAP150,TRUE
NAM-INDIA,NAM-INDIA.NS,NSE,Nippon Life India Asset Management Ltd,,NIFTYMIDCAP150,TRUE
POLICYBZR,POLICYBZR.NS,NSE,PB Fintech Ltd,,NIFTYMIDCAP150,TRUE
INDUSINDBK,INDUSINDBK.NS,NSE,IndusInd Bank Ltd,,NIFTYMIDCAP150,TRUE
BAJAJHFL,BAJAJHFL.NS,NSE,Bajaj Housing Finance Ltd,Financial Services,NIFTYMIDCAP150,TRUE
ICICIPRULI,ICICIPRULI.NS,NSE,ICICI Prudential Life Insurance Company Ltd,,NIFTYMIDCAP150,TRUE
DIXON,DIXON.NS,NSE,Dixon Technologies (India) Ltd,,NIFTYMIDCAP150,TRUE
GICRE,GICRE.NS,NSE,General Insurance Corporation of India,,NIFTYMIDCAP150,TRUE
PAYTM,PAYTM.NS,NSE,One97 Communications Ltd,,NIFTYMIDCAP150,TRUE
LTF,LTF.NS,NSE,L&T Finance Ltd,,NIFTYMIDCAP150,TRUE
BIOCON,BIOCON.NS,NSE,Biocon Ltd,,NIFTYMIDCAP150,TRUE
SWIGGY,SWIGGY.NS,NSE,Swiggy Ltd,,NIFTYMIDCAP150,TRUE
BANKINDIA,BANKINDIA.NS,NSE,Bank of India Ltd,,NIFTYMIDCAP150,TRUE
NAUKRI,NAUKRI.NS,NSE,Info Edge (India) Ltd,Consumer Services,NIFTYMIDCAP150,TRUE
IOB,IOB.NS,NSE,Indian Overseas Bank,,NIFTYMIDCAP150,TRUE
SCHAEFFLER,SCHAEFFLER.NS,NSE,Schaeffler India Ltd,,NIFTYMIDCAP150,TRUE
UNOMINDA,UNOMINDA.NS,NSE,Uno Minda Ltd,,NIFTYMIDCAP150,TRUE
ALKEM,ALKEM.NS,NSE,Alkem Laboratories Ltd,,NIFTYMIDCAP150,TRUE
PHOENIXLTD,PHOENIXLTD.NS,NSE,The Phoenix Mills Ltd,,NIFTYMIDCAP150,TRUE
IDFCFIRSTB,IDFCFIRSTB.NS,NSE,IDFC First Bank Ltd,,NIFTYMIDCAP150,TRUE
COFORGE,COFORGE.NS,NSE,Coforge Ltd,,NIFTYMIDCAP150,TRUE
GLENMARK,GLENMARK.NS,NSE,Glenmark Pharmaceuticals Ltd,,NIFTYMIDCAP150,TRUE
MAHABANK,MAHABANK.NS,NSE,Bank of Maharashtra,,NIFTYMIDCAP150,TRUE
TIINDIA,TIINDIA.NS,NSE,Tube Investments of India Ltd,,NIFTYMIDCAP150,TRUE
LINDEINDIA,LINDEINDIA.NS,NSE,Linde India Ltd,,NIFTYMIDCAP150,TRUE
PRESTIGE,PRESTIGE.NS,NSE,Prestige Estates Projects Ltd,,NIFTYMIDCAP150,TRUE
OBEROIRLTY,OBEROIRLTY.NS,NSE,Oberoi Realty Ltd,,NIFTYMIDCAP150,TRUE
JSWINFRA,JSWINFRA.NS,NSE,JSW Infrastructure Ltd,,NIFTYMIDCAP150,TRUE
BERGEPAINT,BERGEPAINT.NS,NSE,Berger Paints India Ltd,,NIFTYMIDCAP150,TRUE
JSL,JSL.NS,NSE,Jindal Stainless Ltd,,NIFTYMIDCAP150,TRUE
TATACOMM,TATACOMM.NS,NSE,Tata Communications Ltd,,NIFTYMIDCAP150,TRUE
SBICARD,SBICARD.NS,NSE,SBI Cards and Payment Services Ltd,,NIFTYMIDCAP150,TRUE
FACT,FACT.NS,NSE,The Fertilisers and Chemicals Travancore Ltd,,NIFTYMIDCAP150,TRUE
APARINDS,APARINDS.NS,NSE,APAR Industries Ltd,,NIFTYMIDCAP150,TRUE
VMM,VMM.NS,NSE,Vishal Mega Mart Ltd,,NIFTYMIDCAP150,TRUE
ABBOTINDIA,ABBOTINDIA.NS,NSE,Abbott India Ltd,,NIFTYMIDCAP150,TRUE
MFSL,MFSL.NS,NSE,Max Financial Services Ltd,,NIFTYMIDCAP150,TRUE
THERMAX,THERMAX.NS,NSE,Thermax Ltd,,NIFTYMIDCAP150,TRUE
COLPAL,COLPAL.NS,NSE,Colgate-Palmolive (India) Ltd,,NIFTYMIDCAP150,TRUE
UPL,UPL.NS,NSE,UPL Ltd,,NIFTYMIDCAP150,TRUE
HDBFS,HDBFS.NS,NSE,HDB Financial Services Ltd,,NIFTYMIDCAP150,TRUE
COROMANDEL,COROMANDEL.NS,NSE,Coromandel International Ltd,,NIFTYMIDCAP150,TRUE
MRF,MRF.NS,NSE,MRF Ltd,,NIFTYMIDCAP150,TRUE
MOTILALOFS,MOTILALOFS.NS,NSE,Motilal Oswal Financial Services Ltd,,NIFTYMIDCAP150,TRUE
GODREJPROP,GODREJPROP.NS,NSE,Godrej Properties Ltd,,NIFTYMIDCAP150,TRUE
KEI,KEI.NS,NSE,KEI Industries Ltd,,NIFTYMIDCAP150,TRUE
HINDCOPPER,HINDCOPPER.NS,NSE,Hindustan Copper Ltd,,NIFTYMIDCAP150,TRUE
APLAPOLLO,APLAPOLLO.NS,NSE,APL Apollo Tubes Ltd,,NIFTYMIDCAP150,TRUE
RVNL,RVNL.NS,NSE,Rail Vikas Nigam Ltd,,NIFTYMIDCAP150,TRUE
PREMIERENE,PREMIERENE.NS,NSE,Premier Energies Ltd,,NIFTYMIDCAP150,TRUE
RADICO,RADICO.NS,NSE,Radico Khaitan Ltd,,NIFTYMIDCAP150,TRUE
NLCINDIA,NLCINDIA.NS,NSE,NLC India Ltd,,NIFTYMIDCAP150,TRUE
SUPREMEIND,SUPREMEIND.NS,NSE,The Supreme Industries Ltd,,NIFTYMIDCAP150,TRUE
PATANJALI,PATANJALI.NS,NSE,Patanjali Foods Ltd,,NIFTYMIDCAP150,TRUE
SUNDARMFIN,SUNDARMFIN.NS,NSE,Sundaram Finance Ltd,,NIFTYMIDCAP150,TRUE
PIRAMALFIN,PIRAMALFIN.NS,NSE,Piramal Finance Ltd,,NIFTYMIDCAP150,TRUE
MPHASIS,MPHASIS.NS,NSE,Mphasis Ltd,,NIFTYMIDCAP150,TRUE
BDL,BDL.NS,NSE,Bharat Dynamics Ltd,,NIFTYMIDCAP150,TRUE
360ONE,360ONE.NS,NSE,360 One Wam Ltd,,NIFTYMIDCAP150,TRUE
AIAENG,AIAENG.NS,NSE,AIA Engineering Ltd,,NIFTYMIDCAP150,TRUE
VOLTAS,VOLTAS.NS,NSE,Voltas Ltd,,NIFTYMIDCAP150,TRUE
PAGEIND,PAGEIND.NS,NSE,Page Industries Ltd,,NIFTYMIDCAP150,TRUE
ANTHEM,ANTHEM.NS,NSE,Anthem Biosciences Ltd,,NIFTYMIDCAP150,TRUE
IRCTC,IRCTC.NS,NSE,Indian Railway Catering & Tourism Corporation Ltd,,NIFTYMIDCAP150,TRUE
IPCALAB,IPCALAB.NS,NSE,Ipca Laboratories Ltd,,NIFTYMIDCAP150,TRUE
BALKRISIND,BALKRISIND.NS,NSE,Balkrishna Industries Ltd,,NIFTYMIDCAP150,TRUE
CPPLUS,CPPLUS.NS,NSE,Aditya Infotech Ltd,,NIFTYMIDCAP150,TRUE
PIIND,PIIND.NS,NSE,PI Industries Ltd,,NIFTYMIDCAP150,TRUE
HUDCO,HUDCO.NS,NSE,Housing and Urban Development Corporation Ltd,,NIFTYMIDCAP150,TRUE
ASTRAL,ASTRAL.NS,NSE,Astral Ltd,,NIFTYMIDCAP150,TRUE
EMBASSY,EMBASSY.NS,NSE,Embassy Office Parks REIT,,NIFTYMIDCAP150,TRUE
PETRONET,PETRONET.NS,NSE,Petronet LNG Ltd,,NIFTYMIDCAP150,TRUE
M&MFIN,M&MFIN.NS,NSE,Mahindra & Mahindra Financial Services Ltd,,NIFTYMIDCAP150,TRUE
NH,NH.NS,NSE,Narayana Hrudayalaya Ltd,,NIFTYMIDCAP150,TRUE
ATHERENERG,ATHERENERG.NS,NSE,Ather Energy Ltd,,NIFTYMIDCAP150,TRUE
AIIL,AIIL.NS,NSE,Authum Investment & Infrastructure Ltd,,NIFTYMIDCAP150,TRUE
FLUOROCHEM,FLUOROCHEM.NS,NSE,Gujarat Fluorochemicals Ltd,,NIFTYMIDCAP150,TRUE
ASTERDM,ASTERDM.NS,NSE,Aster DM Healthcare Ltd,,NIFTYMIDCAP150,TRUE
KALYANKJIL,KALYANKJIL.NS,NSE,Kalyan Jewellers India Ltd,,NIFTYMIDCAP150,TRUE
JKCEMENT,JKCEMENT.NS,NSE,J.K. Cement Ltd,,NIFTYMIDCAP150,TRUE
COCHINSHIP,COCHINSHIP.NS,NSE,Cochin Shipyard Ltd,,NIFTYMIDCAP150,TRUE
SONACOMS,SONACOMS.NS,NSE,Sona BLW Precision Forgings Ltd,,NIFTYMIDCAP150,TRUE
GLAND,GLAND.NS,NSE,Gland Pharma Ltd,,NIFTYMIDCAP150,TRUE
AJANTPHARM,AJANTPHARM.NS,NSE,Ajanta Pharma Ltd,,NIFTYMIDCAP150,TRUE
KPRMILL,KPRMILL.NS,NSE,K.P.R. Mill Ltd,,NIFTYMIDCAP150,TRUE
GLAXO,GLAXO.NS,NSE,GlaxoSmithKline Pharmaceuticals Ltd,,NIFTYMIDCAP150,TRUE
WELCORP,WELCORP.NS,NSE,Welspun Corp Ltd,,NIFTYMIDCAP150,TRUE
3MINDIA,3MINDIA.NS,NSE,3M India Ltd,,NIFTYMIDCAP150,TRUE
NAVINFLUOR,NAVINFLUOR.NS,NSE,Navin Fluorine International Ltd,,NIFTYMIDCAP150,TRUE
ENDURANCE,ENDURANCE.NS,NSE,Endurance Technologies Ltd,,NIFTYMIDCAP150,TRUE
GODREJIND,GODREJIND.NS,NSE,Godrej Industries Ltd,,NIFTYMIDCAP150,TRUE
UBL,UBL.NS,NSE,United Breweries Ltd,,NIFTYMIDCAP150,TRUE
IREDA,IREDA.NS,NSE,Indian Renewable Energy Development Agency Ltd,,NIFTYMIDCAP150,TRUE
HSCL,HSCL.NS,NSE,Himadri Speciality Chemical Ltd,,NIFTYMIDCAP150,TRUE
GODFRYPHLP,GODFRYPHLP.NS,NSE,Godfrey Phillips India Ltd,,NIFTYMIDCAP150,TRUE
CONCOR,CONCOR.NS,NSE,Container Corporation of India Ltd,,NIFTYMIDCAP150,TRUE
POONAWALLA,POONAWALLA.NS,NSE,Poonawalla Fincorp Ltd,,NIFTYMIDCAP150,TRUE
LTTS,LTTS.NS,NSE,L&T Technology Services Ltd,,NIFTYSMALLCAP250,TRUE
EXIDEIND,EXIDEIND.NS,NSE,Exide Industries Ltd,,NIFTYSMALLCAP250,TRUE
TATAINVEST,TATAINVEST.NS,NSE,Tata Investment Corporation Ltd,,NIFTYSMALLCAP250,TRUE
MEDANTA,MEDANTA.NS,NSE,Global Health Ltd,,NIFTYSMALLCAP250,TRUE
DELHIVERY,DELHIVERY.NS,NSE,Delhivery Ltd,,NIFTYSMALLCAP250,TRUE
EMCURE,EMCURE.NS,NSE,Emcure Pharmaceuticals Ltd,,NIFTYSMALLCAP250,TRUE
BANDHANBNK,BANDHANBNK.NS,NSE,Bandhan Bank Ltd,,NIFTYSMALLCAP250,TRUE
BLUESTARCO,BLUESTARCO.NS,NSE,Blue Star Ltd,,NIFTYSMALLCAP250,TRUE
HEXT,HEXT.NS,NSE,Hexaware Technologies Ltd,,NIFTYSMALLCAP250,TRUE
ITCHOTELS,ITCHOTELS.NS,NSE,ITC Hotels Ltd,,NIFTYSMALLCAP250,TRUE
UCOBANK,UCOBANK.NS,NSE,UCO Bank,,NIFTYSMALLCAP250,TRUE
DALBHARAT,DALBHARAT.NS,NSE,Dalmia Bharat Ltd,,NIFTYSMALLCAP250,TRUE
KIMS,KIMS.NS,NSE,Krishna Institute of Medical Sciences Ltd,,NIFTYSMALLCAP250,TRUE
TATATECH,TATATECH.NS,NSE,Tata Technologies Ltd,,NIFTYSMALLCAP250,TRUE
WOCKPHARMA,WOCKPHARMA.NS,NSE,Wockhardt Ltd,,NIFTYSMALLCAP250,TRUE
ESCORTS,ESCORTS.NS,NSE,Escorts Kubota Ltd,,NIFTYSMALLCAP250,TRUE
STARHEALTH,STARHEALTH.NS,NSE,Star Health and Allied Insurance Company Ltd,,NIFTYSMALLCAP250,TRUE
HONAUT,HONAUT.NS,NSE,Honeywell Automation India Ltd,,NIFTYSMALLCAP250,TRUE
GRSE,GRSE.NS,NSE,Garden Reach Shipbuilders & Engineers Ltd,,NIFTYSMALLCAP250,TRUE
MINDSPACE,MINDSPACE.NS,NSE,Mindspace Business Parks REIT,,NIFTYSMALLCAP250,TRUE
PGHH,PGHH.NS,NSE,Procter & Gamble Hygiene and Health Care Ltd,,NIFTYSMALLCAP250,TRUE
ANGELONE,ANGELONE.NS,NSE,Angel One Ltd,,NIFTYSMALLCAP250,TRUE
ABSLAMC,ABSLAMC.NS,NSE,Aditya Birla Sun Life AMC Ltd,,NIFTYSMALLCAP250,TRUE
LICHSGFIN,LICHSGFIN.NS,NSE,LIC Housing Finance Ltd,,NIFTYSMALLCAP250,TRUE
STLTECH,STLTECH.NS,NSE,Sterlite Technologies Ltd,,NIFTYSMALLCAP250,TRUE
PWL,PWL.NS,NSE,Physicswallah Ltd,,NIFTYSMALLCAP250,TRUE
ANANDRATHI,ANANDRATHI.NS,NSE,Anand Rathi Wealth Ltd,,NIFTYSMALLCAP250,TRUE
ITI,ITI.NS,NSE,ITI Ltd,,NIFTYSMALLCAP250,TRUE
SJVN,SJVN.NS,NSE,SJVN Ltd,,NIFTYSMALLCAP250,TRUE
MANAPPURAM,MANAPPURAM.NS,NSE,Manappuram Finance Ltd,,NIFTYSMALLCAP250,TRUE
NBCC,NBCC.NS,NSE,NBCC (India) Ltd,,NIFTYSMALLCAP250,TRUE
NUVAMA,NUVAMA.NS,NSE,Nuvama Wealth Management Ltd,,NIFTYSMALLCAP250,TRUE
HFCL,HFCL.NS,NSE,HFCL Ltd,,NIFTYSMALLCAP250,TRUE
IKS,IKS.NS,NSE,Inventurus Knowledge Solutions Ltd,,NIFTYSMALLCAP250,TRUE
CRISIL,CRISIL.NS,NSE,CRISIL Ltd,,NIFTYSMALLCAP250,TRUE
GODIGIT,GODIGIT.NS,NSE,Go Digit General Insurance Ltd,,NIFTYSMALLCAP250,TRUE
SCHNEIDER,SCHNEIDER.NS,NSE,Schneider Electric Infrastructure Ltd,,NIFTYSMALLCAP250,TRUE
JUBLFOOD,JUBLFOOD.NS,NSE,Jubilant FoodWorks Ltd,,NIFTYSMALLCAP250,TRUE
SHYAMMETL,SHYAMMETL.NS,NSE,Shyam Metalics and Energy Ltd,,NIFTYSMALLCAP250,TRUE
METROBRAND,METROBRAND.NS,NSE,Metro Brands Ltd,,NIFTYSMALLCAP250,TRUE
KIRLOSENG,KIRLOSENG.NS,NSE,Kirloskar Oil Engines Ltd,,NIFTYSMALLCAP250,TRUE
PTCIL,PTCIL.NS,NSE,PTC Industries Ltd,,NIFTYSMALLCAP250,TRUE
TVSHLTD,TVSHLTD.NS,NSE,TVS Holdings Ltd,,NIFTYSMALLCAP250,TRUE
AMBER,AMBER.NS,NSE,Amber Enterprises India Ltd,,NIFTYSMALLCAP250,TRUE
CENTRALBK,CENTRALBK.NS,NSE,Central Bank of India,,NIFTYSMALLCAP250,TRUE
TIMKEN,TIMKEN.NS,NSE,Timken India Ltd,,NIFTYSMALLCAP250,TRUE
ZFCVINDIA,ZFCVINDIA.NS,NSE,ZF Commercial Vehicle Control Systems India Ltd,,NIFTYSMALLCAP250,TRUE
ACUTAAS,ACUTAAS.NS,NSE,Acutaas Chemicals Ltd,,NIFTYSMALLCAP250,TRUE
CHOLAHLDNG,CHOLAHLDNG.NS,NSE,Cholamandalam Financial Holdings Ltd,,NIFTYSMALLCAP250,TRUE
MRPL,MRPL.NS,NSE,Mangalore Refinery and Petrochemicals Ltd,,NIFTYSMALLCAP250,TRUE
AEGISLOG,AEGISLOG.NS,NSE,Aegis Logistics Ltd,,NIFTYSMALLCAP250,TRUE
KARURVYSYA,KARURVYSYA.NS,NSE,The Karur Vysya Bank Ltd,,NIFTYSMALLCAP250,TRUE
TATAELXSI,TATAELXSI.NS,NSE,Tata Elxsi Ltd,,NIFTYSMALLCAP250,TRUE
NETWEB,NETWEB.NS,NSE,Netweb Technologies India Ltd,,NIFTYSMALLCAP250,TRUE
BIRET,BIRET.NS,NSE,Brookfield India Real Estate Trust,,NIFTYSMALLCAP250,TRUE
PNBHOUSING,PNBHOUSING.NS,NSE,PNB Housing Finance Ltd,,NIFTYSMALLCAP250,TRUE
LALPATHLAB,LALPATHLAB.NS,NSE,Dr. Lal PathLabs Ltd,,NIFTYSMALLCAP250,TRUE
MSUMI,MSUMI.NS,NSE,Motherson Sumi Wiring India Ltd,,NIFTYSMALLCAP250,TRUE
IRB,IRB.NS,NSE,IRB Infrastructure Developers Ltd,,NIFTYSMALLCAP250,TRUE
CDSL,CDSL.NS,NSE,Central Depository Services (India) Ltd,,NIFTYSMALLCAP250,TRUE
GILLETTE,GILLETTE.NS,NSE,Gillette India Ltd,,NIFTYSMALLCAP250,TRUE
APOLLOTYRE,APOLLOTYRE.NS,NSE,Apollo Tyres Ltd,,NIFTYSMALLCAP250,TRUE
SAILIFE,SAILIFE.NS,NSE,Sai Life Sciences Ltd,,NIFTYSMALLCAP250,TRUE
RRKABEL,RRKABEL.NS,NSE,R R Kabel Ltd,,NIFTYSMALLCAP250,TRUE
ACC,ACC.NS,NSE,ACC Ltd,,NIFTYSMALLCAP250,TRUE
NIACL,NIACL.NS,NSE,The New India Assurance Company Ltd,,NIFTYSMALLCAP250,TRUE
KIOCL,KIOCL.NS,NSE,KIOCL Ltd,,NIFTYSMALLCAP250,TRUE
AWL,AWL.NS,NSE,AWL Agri Business Ltd,,NIFTYSMALLCAP250,TRUE
FORCEMOT,FORCEMOT.NS,NSE,Force Motors Ltd,,NIFTYSMALLCAP250,TRUE
TENNIND,TENNIND.NS,NSE,Tenneco Clean Air India Ltd,,NIFTYSMALLCAP250,TRUE
CESC,CESC.NS,NSE,CESC Ltd,,NIFTYSMALLCAP250,TRUE
SYRMA,SYRMA.NS,NSE,Syrma SGS Technology Ltd,,NIFTYSMALLCAP250,TRUE
DATAPATTNS,DATAPATTNS.NS,NSE,Data Patterns (India) Ltd,,NIFTYSMALLCAP250,TRUE
SUMICHEM,SUMICHEM.NS,NSE,Sumitomo Chemical India Ltd,,NIFTYSMALLCAP250,TRUE
NXST,NXST.NS,NSE,Nexus Select Trust,,NIFTYSMALLCAP250,TRUE
MTARTECH,MTARTECH.NS,NSE,MTAR Technologies Ltd,,NIFTYSMALLCAP250,TRUE
EMMVEE,EMMVEE.NS,NSE,Emmvee Photovoltaic Power Ltd,,NIFTYSMALLCAP250,TRUE
IGL,IGL.NS,NSE,Indraprastha Gas Ltd,,NIFTYSMALLCAP250,TRUE
ASAHIINDIA,ASAHIINDIA.NS,NSE,Asahi India Glass Ltd,,NIFTYSMALLCAP250,TRUE
DEEPAKNTR,DEEPAKNTR.NS,NSE,Deepak Nitrite Ltd,,NIFTYSMALLCAP250,TRUE
PPLPHARMA,PPLPHARMA.NS,NSE,Piramal Pharma Ltd,,NIFTYSMALLCAP250,TRUE
KPIL,KPIL.NS,NSE,Kalpataru Projects International Ltd,,NIFTYSMALLCAP250,TRUE
HBLENGINE,HBLENGINE.NS,NSE,HBL Engineering Ltd,,NIFTYSMALLCAP250,TRUE
IIFL,IIFL.NS,NSE,IIFL Finance Ltd,,NIFTYSMALLCAP250,TRUE
TRITURBINE,TRITURBINE.NS,NSE,Triveni Turbine Ltd,,NIFTYSMALLCAP250,TRUE
RBLBANK,RBLBANK.NS,NSE,RBL Bank Ltd,,NIFTYSMALLCAP250,TRUE
GRINDWELL,GRINDWELL.NS,NSE,Grindwell Norton Ltd,,NIFTYSMALLCAP250,TRUE
CRAFTSMAN,CRAFTSMAN.NS,NSE,Craftsman Automation Ltd,,NIFTYSMALLCAP250,TRUE
ACMESOLAR,ACMESOLAR.NS,NSE,ACME Solar Holdings Ltd,,NIFTYSMALLCAP250,TRUE
NEULANDLAB,NEULANDLAB.NS,NSE,Neuland Laboratories Ltd,,NIFTYSMALLCAP250,TRUE
ASTRAZEN,ASTRAZEN.NS,NSE,AstraZeneca Pharma India Ltd,,NIFTYSMALLCAP250,TRUE
IFCI,IFCI.NS,NSE,IFCI Ltd,,NIFTYSMALLCAP250,TRUE
KPITTECH,KPITTECH.NS,NSE,KPIT Technologies Ltd,,NIFTYSMALLCAP250,TRUE
SAMMAANCAP,SAMMAANCAP.NS,NSE,Sammaan Capital Ltd,,NIFTYSMALLCAP250,TRUE
AEGISVOPAK,AEGISVOPAK.NS,NSE,Aegis Vopak Terminals Ltd,,NIFTYSMALLCAP250,TRUE
KAYNES,KAYNES.NS,NSE,Kaynes Technology India Ltd,,NIFTYSMALLCAP250,TRUE
GMDCLTD,GMDCLTD.NS,NSE,Gujarat Mineral Development Corporation Ltd,,NIFTYSMALLCAP250,TRUE
GESHIP,GESHIP.NS,NSE,The Great Eastern Shipping Company Ltd,,NIFTYSMALLCAP250,TRUE
RAMCOCEM,RAMCOCEM.NS,NSE,The Ramco Cements Ltd,,NIFTYSMALLCAP250,TRUE
AFFLE,AFFLE.NS,NSE,Affle 3i Ltd,,NIFTYSMALLCAP250,TRUE
ONESOURCE,ONESOURCE.NS,NSE,OneSource Specialty Pharma Ltd,,NIFTYSMALLCAP250,TRUE
ANANTRAJ,ANANTRAJ.NS,NSE,Anant Raj Ltd,,NIFTYSMALLCAP250,TRUE
TDPOWERSYS,TDPOWERSYS.NS,NSE,TD Power Systems Ltd,,NIFTYSMALLCAP250,TRUE
AADHARHFC,AADHARHFC.NS,NSE,Aadhar Housing Finance Ltd,,NIFTYSMALLCAP250,TRUE
PFIZER,PFIZER.NS,NSE,Pfizer Ltd,,NIFTYSMALLCAP250,TRUE
SUNTV,SUNTV.NS,NSE,Sun TV Network Ltd,,NIFTYSMALLCAP250,TRUE
CREDITACC,CREDITACC.NS,NSE,CreditAccess Grameen Ltd,,NIFTYSMALLCAP250,TRUE
HATSUN,HATSUN.NS,NSE,Hatsun Agro Product Ltd,,NIFTYSMALLCAP250,TRUE
BBOX,BBOX.NS,NSE,Black Box Ltd,,NIFTYSMALLCAP250,TRUE
RUBICON,RUBICON.NS,NSE,Rubicon Research Ltd,,NIFTYSMALLCAP250,TRUE
CARBORUNIV,CARBORUNIV.NS,NSE,Carborundum Universal Ltd,,NIFTYSMALLCAP250,TRUE
OLAELEC,OLAELEC.NS,NSE,Ola Electric Mobility Ltd,,NIFTYSMALLCAP250,TRUE
ATUL,ATUL.NS,NSE,Atul Ltd,,NIFTYSMALLCAP250,TRUE
GRANULES,GRANULES.NS,NSE,Granules India Ltd,,NIFTYSMALLCAP250,TRUE
BAYERCROP,BAYERCROP.NS,NSE,Bayer CropScience Ltd,,NIFTYSMALLCAP250,TRUE
CGCL,CGCL.NS,NSE,Capri Global Capital Ltd,,NIFTYSMALLCAP250,TRUE
BHARATCOAL,BHARATCOAL.NS,NSE,Bharat Coking Coal Ltd,,NIFTYSMALLCAP250,TRUE
URBANCO,URBANCO.NS,NSE,Urban Company Ltd,,NIFTYSMALLCAP250,TRUE
ELGIEQUIP,ELGIEQUIP.NS,NSE,Elgi Equipments Ltd,,NIFTYSMALLCAP250,TRUE
SARDAEN,SARDAEN.NS,NSE,Sarda Energy & Minerals Ltd,,NIFTYSMALLCAP250,TRUE
BELRISE,BELRISE.NS,NSE,Belrise Industries Ltd,,NIFTYSMALLCAP250,TRUE
CEMPRO,CEMPRO.NS,NSE,Cemindia Projects Ltd,,NIFTYSMALLCAP250,TRUE
ERIS,ERIS.NS,NSE,Eris Lifesciences Ltd,,NIFTYSMALLCAP250,TRUE
CAMS,CAMS.NS,NSE,Computer Age Management Services Ltd,,NIFTYSMALLCAP250,TRUE
GPIL,GPIL.NS,NSE,Godawari Power & Ispat Ltd,,NIFTYSMALLCAP250,TRUE
CHAMBLFERT,CHAMBLFERT.NS,NSE,Chambal Fertilisers and Chemicals Ltd,,NIFTYSMALLCAP250,TRUE
SAGILITY,SAGILITY.NS,NSE,Sagility Ltd,,NIFTYSMALLCAP250,TRUE
REDINGTON,REDINGTON.NS,NSE,Redington Ltd,,NIFTYSMALLCAP250,TRUE
PFOCUS,PFOCUS.NS,NSE,Prime Focus Ltd,,NIFTYSMALLCAP250,TRUE
FSL,FSL.NS,NSE,Firstsource Solutions Ltd,,NIFTYSMALLCAP250,TRUE
CUPID,CUPID.NS,NSE,Cupid Ltd,,NIFTYSMALLCAP250,TRUE
SANSERA,SANSERA.NS,NSE,Sansera Engineering Ltd,,NIFTYSMALLCAP250,TRUE
RATNAMANI,RATNAMANI.NS,NSE,Ratnamani Metals & Tubes Ltd,,NIFTYSMALLCAP250,TRUE
TATACHEM,TATACHEM.NS,NSE,Tata Chemicals Ltd,,NIFTYSMALLCAP250,TRUE
VTL,VTL.NS,NSE,Vardhman Textiles Ltd,,NIFTYSMALLCAP250,TRUE
EIHOTEL,EIHOTEL.NS,NSE,EIH Ltd,,NIFTYSMALLCAP250,TRUE
CUB,CUB.NS,NSE,City Union Bank Ltd,,NIFTYSMALLCAP250,TRUE
CASTROLIND,CASTROLIND.NS,NSE,Castrol India Ltd,,NIFTYSMALLCAP250,TRUE
DEEPAKFERT,DEEPAKFERT.NS,NSE,Deepak Fertilisers And Petrochemicals Corporation Ltd,,NIFTYSMALLCAP250,TRUE
SUNDRMFAST,SUNDRMFAST.NS,NSE,Sundram Fasteners Ltd,,NIFTYSMALLCAP250,TRUE
CHENNPETRO,CHENNPETRO.NS,NSE,Chennai Petroleum Corporation Ltd,,NIFTYSMALLCAP250,TRUE
JSWCEMENT,JSWCEMENT.NS,NSE,JSW Cement Ltd,,NIFTYSMALLCAP250,TRUE
KAJARIACER,KAJARIACER.NS,NSE,Kajaria Ceramics Ltd,,NIFTYSMALLCAP250,TRUE
SYNGENE,SYNGENE.NS,NSE,Syngene International Ltd,,NIFTYSMALLCAP250,TRUE
FRACTAL,FRACTAL.NS,NSE,Fractal Analytics Ltd,,NIFTYSMALLCAP250,TRUE
CIEINDIA,CIEINDIA.NS,NSE,CIE Automotive India Ltd,,NIFTYSMALLCAP250,TRUE
CROMPTON,CROMPTON.NS,NSE,Crompton Greaves Consumer Electricals Ltd,,NIFTYSMALLCAP250,TRUE
KANSAINER,KANSAINER.NS,NSE,Kansai Nerolac Paints Ltd,,NIFTYSMALLCAP250,TRUE
CHALET,CHALET.NS,NSE,Chalet Hotels Ltd,,NIFTYSMALLCAP250,TRUE
CENTURYPLY,CENTURYPLY.NS,NSE,Century Plyboards (India) Ltd,,NIFTYSMALLCAP250,TRUE
CMPDI,CMPDI.NS,NSE,Central Mine Planning & Design Institute Ltd,,NIFTYSMALLCAP250,TRUE
NAVA,NAVA.NS,NSE,Nava Ltd,,NIFTYSMALLCAP250,TRUE
TRAVELFOOD,TRAVELFOOD.NS,NSE,Travel Food Services Ltd,,NIFTYSMALLCAP250,TRUE
EMAMILTD,EMAMILTD.NS,NSE,Emami Ltd,,NIFTYSMALLCAP250,TRUE
PSB,PSB.NS,NSE,Punjab & Sind Bank,,NIFTYSMALLCAP250,TRUE
LMW,LMW.NS,NSE,LMW Ltd,,NIFTYSMALLCAP250,TRUE
THANGAMAYL,THANGAMAYL.NS,NSE,Thangamayil Jewellery Ltd,,NIFTYSMALLCAP250,TRUE
AARTIIND,AARTIIND.NS,NSE,Aarti Industries Ltd,,NIFTYSMALLCAP250,TRUE
PINELABS,PINELABS.NS,NSE,Pine Labs Ltd,,NIFTYSMALLCAP250,TRUE
COHANCE,COHANCE.NS,NSE,Cohance Lifesciences Ltd,,NIFTYSMALLCAP250,TRUE
DCMSHRIRAM,DCMSHRIRAM.NS,NSE,DCM Shriram Ltd,,NIFTYSMALLCAP250,TRUE
BIKAJI,BIKAJI.NS,NSE,Bikaji Foods International Ltd,,NIFTYSMALLCAP250,TRUE
ZENTEC,ZENTEC.NS,NSE,Zen Technologies Ltd,,NIFTYSMALLCAP250,TRUE
INDIGRID,INDIGRID.NS,NSE,Indigrid Infrastructure Trust,,NIFTYSMALLCAP250,TRUE
J&KBANK,J&KBANK.NS,NSE,Jammu and Kashmir Bank Ltd,,NIFTYSMALLCAP250,TRUE
ABDL,ABDL.NS,NSE,Allied Blenders and Distillers Ltd,,NIFTYSMALLCAP250,TRUE
FINCABLES,FINCABLES.NS,NSE,Finolex Cables Ltd,,NIFTYSMALLCAP250,TRUE
ZYDUSWELL,ZYDUSWELL.NS,NSE,Zydus Wellness Ltd,,NIFTYSMALLCAP250,TRUE
JBMA,JBMA.NS,NSE,JBM Auto Ltd,,NIFTYSMALLCAP250,TRUE
NATCOPHARM,NATCOPHARM.NS,NSE,NATCO Pharma Ltd,,NIFTYSMALLCAP250,TRUE
JINDALSAW,JINDALSAW.NS,NSE,Jindal Saw Ltd,,NIFTYSMALLCAP250,TRUE
BRIGADE,BRIGADE.NS,NSE,Brigade Enterprises Ltd,,NIFTYSMALLCAP250,TRUE
IGIL,IGIL.NS,NSE,International Gemological Institute Ltd,,NIFTYSMALLCAP250,TRUE
APOLLO,APOLLO.NS,NSE,Apollo Micro Systems Ltd,,NIFTYSMALLCAP250,TRUE
ATLANTAELE,ATLANTAELE.NS,NSE,Atlanta Electricals Ltd,,NIFTYSMALLCAP250,TRUE
GALLANTT,GALLANTT.NS,NSE,Gallantt Ispat Ltd,,NIFTYSMALLCAP250,TRUE
USHAMART,USHAMART.NS,NSE,Usha Martin Ltd,,NIFTYSMALLCAP250,TRUE
ARE&M,ARE&M.NS,NSE,Amara Raja Energy & Mobility Ltd,,NIFTYSMALLCAP250,TRUE
CAPLIPOINT,CAPLIPOINT.NS,NSE,Caplin Point Laboratories Ltd,,NIFTYSMALLCAP250,TRUE
JUBLPHARMA,JUBLPHARMA.NS,NSE,Jubilant Pharmova Ltd,,NIFTYSMALLCAP250,TRUE
NIVABUPA,NIVABUPA.NS,NSE,Niva Bupa Health Insurance Company Ltd,,NIFTYSMALLCAP250,TRUE
MINDACORP,MINDACORP.NS,NSE,Minda Corporation Ltd,,NIFTYSMALLCAP250,TRUE
AVANTIFEED,AVANTIFEED.NS,NSE,Avanti Feeds Ltd,,NIFTYSMALLCAP250,TRUE
ANURAS,ANURAS.NS,NSE,Anupam Rasayan India Ltd,,NIFTYSMALLCAP250,TRUE
AETHER,AETHER.NS,NSE,Aether Industries Ltd,,NIFTYSMALLCAP250,TRUE
SHRIPISTON,SHRIPISTON.NS,NSE,SPR Auto Technologies Ltd,,NIFTYSMALLCAP250,TRUE
INOXWIND,INOXWIND.NS,NSE,Inox Wind Ltd,,NIFTYSMALLCAP250,TRUE
KFINTECH,KFINTECH.NS,NSE,KFin Technologies Ltd,,NIFTYSMALLCAP250,TRUE
VENTIVE,VENTIVE.NS,NSE,Ventive Hospitality Ltd,,NIFTYSMALLCAP250,TRUE
CHOICEIN,CHOICEIN.NS,NSE,Choice International Ltd,,NIFTYSMALLCAP250,TRUE
BASF,BASF.NS,NSE,BASF India Ltd,,NIFTYSMALLCAP250,TRUE
NSLNISP,NSLNISP.NS,NSE,NMDC Steel Ltd,,NIFTYSMALLCAP250,TRUE
AGARWALEYE,AGARWALEYE.NS,NSE,Dr. Agarwal's Health Care Ltd,,NIFTYSMALLCAP250,TRUE
FINEORG,FINEORG.NS,NSE,Fine Organic Industries Ltd,,NIFTYSMALLCAP250,TRUE
APLLTD,APLLTD.NS,NSE,Alembic Pharmaceuticals Ltd,,NIFTYSMALLCAP250,TRUE
BEML,BEML.NS,NSE,BEML Ltd,,NIFTYSMALLCAP250,TRUE
JYOTICNC,JYOTICNC.NS,NSE,Jyoti CNC Automation Ltd,,NIFTYSMALLCAP250,TRUE
POLYMED,POLYMED.NS,NSE,Poly Medicure Ltd,,NIFTYSMALLCAP250,TRUE
GABRIEL,GABRIEL.NS,NSE,Gabriel India Ltd,,NIFTYSMALLCAP250,TRUE
CCL,CCL.NS,NSE,CCL Products (India) Ltd,,NIFTYSMALLCAP250,TRUE
SOBHA,SOBHA.NS,NSE,Sobha Ltd,,NIFTYSMALLCAP250,TRUE
INOXINDIA,INOXINDIA.NS,NSE,INOX India Ltd,,NIFTYSMALLCAP250,TRUE
AZAD,AZAD.NS,NSE,Azad Engineering Ltd,,NIFTYSMALLCAP250,TRUE
MAHSCOOTER,MAHSCOOTER.NS,NSE,Maharashtra Scooters Ltd,,NIFTYSMALLCAP250,TRUE
CLEANMAX,CLEANMAX.NS,NSE,Clean Max Enviro Energy Solutions Ltd,,NIFTYSMALLCAP250,TRUE
JSWDULUX,JSWDULUX.NS,NSE,JSW Dulux Ltd,,NIFTYSMALLCAP250,TRUE
KSB,KSB.NS,NSE,KSB Ltd,,NIFTYSMALLCAP250,TRUE
VIJAYA,VIJAYA.NS,NSE,Vijaya Diagnostic Centre Ltd,,NIFTYSMALLCAP250,TRUE
SCI,SCI.NS,NSE,The Shipping Corporation of India Ltd,,NIFTYSMALLCAP250,TRUE
SHAILY,SHAILY.NS,NSE,Shaily Engineering Plastics Ltd,,NIFTYSMALLCAP250,TRUE
THELEELA,THELEELA.NS,NSE,Leela Palaces Hotels & Resorts Ltd,,NIFTYSMALLCAP250,TRUE
DEVYANI,DEVYANI.NS,NSE,Devyani International Ltd,,NIFTYSMALLCAP250,TRUE
TEGA,TEGA.NS,NSE,Tega Industries Ltd,,NIFTYSMALLCAP250,TRUE
JSWHL,JSWHL.NS,NSE,JSW Holdings Ltd,,NIFTYSMALLCAP250,TRUE
PGEL,PGEL.NS,NSE,PG Electroplast Ltd,,NIFTYSMALLCAP250,TRUE
ABREL,ABREL.NS,NSE,Aditya Birla Real Estate Ltd,,NIFTYSMALLCAP250,TRUE
GRAPHITE,GRAPHITE.NS,NSE,Graphite India Ltd,,NIFTYSMALLCAP250,TRUE
ASTRAMICRO,ASTRAMICRO.NS,NSE,Astra Microwave Products Ltd,,NIFTYSMALLCAP250,TRUE
WELSPUNLIV,WELSPUNLIV.NS,NSE,Welspun Living Ltd,,NIFTYSMALLCAP250,TRUE
GRWRHITECH,GRWRHITECH.NS,NSE,Garware Hi-Tech Films Ltd,,NIFTYSMALLCAP250,TRUE
RAINBOW,RAINBOW.NS,NSE,Rainbow Children's Medicare Ltd,,NIFTYSMALLCAP250,TRUE
KIRLOSBROS,KIRLOSBROS.NS,NSE,Kirloskar Brothers Ltd,,NIFTYSMALLCAP250,TRUE
HONASA,HONASA.NS,NSE,Honasa Consumer Ltd,,NIFTYSMALLCAP250,TRUE
VGUARD,VGUARD.NS,NSE,V-Guard Industries Ltd,,NIFTYSMALLCAP250,TRUE
VINATIORGA,VINATIORGA.NS,NSE,Vinati Organics Ltd,,NIFTYSMALLCAP250,TRUE
ENGINERSIN,ENGINERSIN.NS,NSE,Engineers India Ltd,,NIFTYSMALLCAP250,TRUE
LTFOODS,LTFOODS.NS,NSE,LT Foods Ltd,,NIFTYSMALLCAP250,TRUE
APTUS,APTUS.NS,NSE,Aptus Value Housing Finance India Ltd,,NIFTYSMALLCAP250,TRUE
PARADEEP,PARADEEP.NS,NSE,Paradeep Phosphates Ltd,,NIFTYSMALLCAP250,TRUE
KEC,KEC.NS,NSE,KEC International Ltd,,NIFTYSMALLCAP250,TRUE
SPLPETRO,SPLPETRO.NS,NSE,Supreme Petrochem Ltd,,NIFTYSMALLCAP250,TRUE
HAPPYFORGE,HAPPYFORGE.NS,NSE,Happy Forgings Ltd,,NIFTYSMALLCAP250,TRUE
CANHLIFE,CANHLIFE.NS,NSE,Canara HSBC Life Insurance Company Ltd,,NIFTYSMALLCAP250,TRUE
EIDPARRY,EIDPARRY.NS,NSE,E.I.D.- Parry (India) Ltd,,NIFTYSMALLCAP250,TRUE
JPPOWER,JPPOWER.NS,NSE,Jaiprakash Power Ventures Ltd,,NIFTYSMALLCAP250,TRUE
TBOTEK,TBOTEK.NS,NSE,TBO Tek Ltd,,NIFTYSMALLCAP250,TRUE
ARVIND,ARVIND.NS,NSE,Arvind Ltd,,NIFTYSMALLCAP250,TRUE
CEATLTD,CEATLTD.NS,NSE,CEAT Ltd,,NIFTYSMALLCAP250,TRUE
FIVESTAR,FIVESTAR.NS,NSE,Five-Star Business Finance Ltd,,NIFTYSMALLCAP250,TRUE
IRCON,IRCON.NS,NSE,Ircon International Ltd,,NIFTYSMALLCAP250,TRUE
ECLERX,ECLERX.NS,NSE,eClerx Services Ltd,,NIFTYSMALLCAP250,TRUE
DOMS,DOMS.NS,NSE,DOMS Industries Ltd,,NIFTYSMALLCAP250,TRUE
ALIVUS,ALIVUS.NS,NSE,Alivus Life Sciences Ltd,,NIFTYSMALLCAP250,TRUE
CONCORDBIO,CONCORDBIO.NS,NSE,Concord Biotech Ltd,,NIFTYSMALLCAP250,TRUE
PRIVISCL,PRIVISCL.NS,NSE,Privi Speciality Chemicals Ltd,,NIFTYSMALLCAP250,TRUE
INDGN,INDGN.NS,NSE,Indegene Ltd,,NIFTYSMALLCAP250,TRUE
RPGLIFE,RPGLIFE.NS,NSE,RPG Life Sciences Ltd,Healthcare,NIFTYMICROCAP,TRUE
MHRIL,MHRIL.NS,NSE,Mahindra Holidays & Resorts India Ltd,Consumer Services,NIFTYMICROCAP,TRUE
WHIRLPOOL,WHIRLPOOL.NS,NSE,Whirlpool of India Ltd,Consumer Durables,NIFTYMICROCAP,TRUE
VSTIND,VSTIND.NS,NSE,VST Industries Ltd,Fast Moving Consumer Goods,NIFTYMICROCAP,TRUE
JKPAPER,JKPAPER.NS,NSE,JK Paper Ltd,Forest Materials,NIFTYMICROCAP,TRUE
NRBBEARING,NRBBEARING.NS,NSE,NRB Bearing Ltd,Capital Goods,NIFTYMICROCAP,TRUE
SAPPHIRE,SAPPHIRE.NS,NSE,Sapphire Foods India Ltd,Consumer Services,NIFTYMICROCAP,TRUE
ROSSARI,ROSSARI.NS,NSE,Rossari Biotech Ltd,Chemicals,NIFTYMICROCAP,TRUE
GOKULAGRO,GOKULAGRO.NS,NSE,Gokul Agro Resources Ltd,Fast Moving Consumer Goods,NIFTYMICROCAP,TRUE
DHANUKA,DHANUKA.NS,NSE,Dhanuka Agritech Ltd,Chemicals,NIFTYMICROCAP,TRUE
RITES,RITES.NS,NSE,RITES Ltd,Services,NIFTYMICROCAP,TRUE
NESCO,NESCO.NS,NSE,Nesco Ltd,Realty,NIFTYMICROCAP,TRUE
MAHLOG,MAHLOG.NS,NSE,Mahindra Logistics Ltd,Services,NIFTYMICROCAP,TRUE
SHARDAMOTR,SHARDAMOTR.NS,NSE,Sharda Motor Industries Ltd,Automobile and Auto Components,NIFTYMICROCAP,TRUE
WINDMACHIN,WINDMACHIN.NS,NSE,Windsor Machines Ltd,Capital Goods,NIFTYMICROCAP,TRUE
HERITGFOOD,HERITGFOOD.NS,NSE,Heritage Foods Ltd,Fast Moving Consumer Goods,NIFTYMICROCAP,TRUE
MANINFRA,MANINFRA.NS,NSE,Man Infraconstruction Ltd,Construction,NIFTYMICROCAP,TRUE
PRAXIS,PRAXIS.NS,NSE,Praxis Home Retail Ltd,Consumer Services,NIFTYMICROCAP,TRUE
RPTECH,RPTECH.NS,NSE,Rashi Peripherals Ltd,Information Technology,NIFTYMICROCAP,TRUE
KRSNAA,KRSNAA.NS,NSE,Krsnaa Diagnostics Ltd,Healthcare,NIFTYMICROCAP,TRUE
SANDUMA,SANDUMA.NS,NSE,Sandur Manganese & Iron Ores Ltd,Metals & Mining,NIFTYMICROCAP,TRUE
PCJEWELLER,PCJEWELLER.NS,NSE,PC Jeweller Ltd,Consumer Durables,NIFTYMICROCAP,TRUE
SUNDARAM,SUNDARAM.NS,NSE,Sundaram Finance Holdings Ltd,Financial Services,NIFTYMICROCAP,TRUE
TIMETECHNO,TIMETECHNO.NS,NSE,Time Technoplast Ltd,Capital Goods,NIFTYMICROCAP,TRUE
TCPLPACK,TCPLPACK.NS,NSE,TCPL Packaging Ltd,Capital Goods,NIFTYMICROCAP,TRUE
GOCOLORS,GOCOLORS.NS,NSE,Go Fashion (India) Ltd,Consumer Services,NIFTYMICROCAP,TRUE
PDMJEPAPER,PDMJEPAPER.NS,NSE,Pudumjee Paper Products Ltd,Forest Materials,NIFTYMICROCAP,TRUE
ORIENTCEM,ORIENTCEM.NS,NSE,Orient Cement Ltd,Construction Materials,NIFTYMICROCAP,TRUE
DOLLAR,DOLLAR.NS,NSE,Dollar Industries Ltd,Textiles,NIFTYMICROCAP,TRUE
MATRIMONY,MATRIMONY.NS,NSE,Matrimony.com Ltd,Consumer Services,NIFTYMICROCAP,TRUE
VAIBHAVGBL,VAIBHAVGBL.NS,NSE,Vaibhav Global Ltd,Consumer Durables,NIFTYMICROCAP,TRUE
LUXIND,LUXIND.NS,NSE,Lux Industries Ltd,Textiles,NIFTYMICROCAP,TRUE
SNOWMAN,SNOWMAN.NS,NSE,Snowman Logistics Ltd,Services,NIFTYMICROCAP,TRUE
WABAG,WABAG.NS,NSE,VA Tech Wabag Ltd,Services,NIFTYMICROCAP,TRUE
TARC,TARC.NS,NSE,TARC Ltd,Realty,NIFTYMICROCAP,TRUE
KDDL,KDDL.NS,NSE,KDDL Ltd,Consumer Durables,NIFTYMICROCAP,TRUE
SHALBY,SHALBY.NS,NSE,Shalby Ltd,Healthcare,NIFTYMICROCAP,TRUE
TRIVENI,TRIVENI.NS,NSE,Triveni Engineering & Industries Ltd,Fast Moving Consumer Goods,NIFTYMICROCAP,TRUE
IGARASHI,IGARASHI.NS,NSE,Igarashi Motors India Ltd,Automobile and Auto Components,NIFTYMICROCAP,TRUE
SREEL,SREEL.NS,NSE,Sreeleathers Ltd,Consumer Durables,NIFTYMICROCAP,TRUE
NIITLTD,NIITLTD.NS,NSE,NIIT Ltd,Information Technology,NIFTYMICROCAP,TRUE
RPOWER,RPOWER.NS,NSE,Reliance Power Ltd,Power,NIFTYMICROCAP,TRUE
HATHWAY,HATHWAY.NS,NSE,Hathway Cable & Datacom Ltd,Telecommunication,NIFTYMICROCAP,TRUE
WESTLIFE,WESTLIFE.NS,NSE,Westlife Foodworld Ltd,Consumer Services,NIFTYMICROCAP,TRUE
SUPRIYA,SUPRIYA.NS,NSE,Supriya Lifescience Ltd,Healthcare,NIFTYMICROCAP,TRUE
LGBBROSLTD,LGBBROSLTD.NS,NSE,LG Balakrishnan & Bros Ltd,Automobile and Auto Components,NIFTYMICROCAP,TRUE
SUPRAJIT,SUPRAJIT.NS,NSE,Suprajit Engineering Ltd,Automobile and Auto Components,NIFTYMICROCAP,TRUE
GTLINFRA,GTLINFRA.NS,NSE,GTL Infrastructure Ltd,Telecommunication,NIFTYMICROCAP,TRUE
BALRAMCHIN,BALRAMCHIN.NS,NSE,Balrampur Chini Mills Ltd,Fast Moving Consumer Goods,NIFTYMICROCAP,TRUE
BAJAJCON,BAJAJCON.NS,NSE,Bajaj Consumer Care Ltd,Fast Moving Consumer Goods,NIFTYMICROCAP,TRUE
FILATEX,FILATEX.NS,NSE,Filatex India Ltd,Textiles,NIFTYMICROCAP,TRUE
BSOFT,BSOFT.NS,NSE,BFIL Software Ltd,Information Technology,NIFTYMICROCAP,TRUE
SINTERCOM,SINTERCOM.NS,NSE,Sintercom India Ltd,Capital Goods,NIFTYMICROCAP,TRUE
MANGLMCEM,MANGLMCEM.NS,NSE,Mangalam Cement Ltd,Construction Materials,NIFTYMICROCAP,TRUE
NATHBIOGEN,NATHBIOGEN.NS,NSE,Nath Bio-Genes (India) Ltd,Healthcare,NIFTYMICROCAP,TRUE
ORIENTBELL,ORIENTBELL.NS,NSE,Orient Bell Ltd,Construction Materials,NIFTYMICROCAP,TRUE
VARROC,VARROC.NS,NSE,Varroc Engineering Ltd,Automobile and Auto Components,NIFTYMICROCAP,TRUE
SHYAMCENT,SHYAMCENT.NS,NSE,Shyam Century Ferrous Ltd,Metals & Mining,NIFTYMICROCAP,TRUE
BECTORFOOD,BECTORFOOD.NS,NSE,Mrs. Bectors Food Specialities Ltd,Fast Moving Consumer Goods,NIFTYMICROCAP,TRUE
JAYNECOIND,JAYNECOIND.NS,NSE,Jayna Packaging Ltd,Capital Goods,NIFTYMICROCAP,TRUE
LXCHEM,LXCHEM.NS,NSE,Laxmi Organic Industries Ltd,Chemicals,NIFTYMICROCAP,TRUE
SOLARA,SOLARA.NS,NSE,Solara Active Pharma Sciences Ltd,Healthcare,NIFTYMICROCAP,TRUE
SPANDANA,SPANDANA.NS,NSE,Spandana Sphoorty Financial Ltd,Financial Services,NIFTYMICROCAP,TRUE
MANAKSIA,MANAKSIA.NS,NSE,Manaksia Ltd,Metals & Mining,NIFTYMICROCAP,TRUE
SBFC,SBFC.NS,NSE,SBFC Finance Ltd,Financial Services,NIFTYMICROCAP,TRUE
HCG,HCG.NS,NSE,Healthcare Global Enterprises Ltd,Healthcare,NIFTYMICROCAP,TRUE
UTKARSHBNK,UTKARSHBNK.NS,NSE,Utkarsh Small Finance Bank Ltd,Financial Services,NIFTYMICROCAP,TRUE
NAZARA,NAZARA.NS,NSE,Nazara Technologies Ltd,Information Technology,NIFTYMICROCAP,TRUE
ALPA,ALPA.NS,NSE,Alpa Laboratories Ltd,Healthcare,NIFTYMICROCAP,TRUE
RTNPOWER,RTNPOWER.NS,NSE,Ratnabhumi Developers Ltd,Realty,NIFTYMICROCAP,TRUE
SOMANYCERA,SOMANYCERA.NS,NSE,Somany Ceramics Ltd,Construction Materials,NIFTYMICROCAP,TRUE
ARVINDFASN,ARVINDFASN.NS,NSE,Arvind Fashions Ltd,Textiles,NIFTYMICROCAP,TRUE
KRBL,KRBL.NS,NSE,KRBL Ltd,Fast Moving Consumer Goods,NIFTYMICROCAP,TRUE
ZUARI,ZUARI.NS,NSE,Zuari Agro Chemicals Ltd,Chemicals,NIFTYMICROCAP,TRUE
GOKEX,GOKEX.NS,NSE,Gokaldas Exports Ltd,Textiles,NIFTYMICROCAP,TRUE
NUVOCO,NUVOCO.NS,NSE,Nuvoco Vistas Corporation Ltd,Construction Materials,NIFTYMICROCAP,TRUE
NIFTYBEES,NIFTYBEES.NS,NSE,Nippon India ETF Nifty BeES,Financial Services,NIFTYMICROCAP,TRUE
ASALCBR,ASALCBR.NS,NSE,Associated Alcohols & Breweries Ltd,Fast Moving Consumer Goods,NIFTYMICROCAP,TRUE
SUNTECK,SUNTECK.NS,NSE,Sunteck Realty Ltd,Realty,NIFTYMICROCAP,TRUE
TITAGARH,TITAGARH.NS,NSE,Titagarh Rail Systems Ltd,Capital Goods,NIFTYMICROCAP,TRUE
HNDFDS,HNDFDS.NS,NSE,Hindustan Foods Ltd,Fast Moving Consumer Goods,NIFTYMICROCAP,TRUE
MSTCLTD,MSTCLTD.NS,NSE,MSTC Ltd,Services,NIFTYMICROCAP,TRUE
BFINVEST,BFINVEST.NS,NSE,BF Investment Ltd,Financial Services,NIFTYMICROCAP,TRUE
SAREGAMA,SAREGAMA.NS,NSE,Saregama India Ltd,Media Entertainment & Publication,NIFTYMICROCAP,TRUE
RATEGAIN,RATEGAIN.NS,NSE,RateGain Travel Technologies Ltd,Information Technology,NIFTYMICROCAP,TRUE
SAKSOFT,SAKSOFT.NS,NSE,Saksoft Ltd,Information Technology,NIFTYMICROCAP,TRUE
MAHSEAMLES,MAHSEAMLES.NS,NSE,Maharashtra Seamless Ltd,Metals & Mining,NIFTYMICROCAP,TRUE
IBREALEST,IBREALEST.NS,NSE,Indiabulls Real Estate Ltd,Realty,NIFTYMICROCAP,TRUE
NAVNETEDUL,NAVNETEDUL.NS,NSE,Navneet Education Ltd,Consumer Services,NIFTYMICROCAP,TRUE
VSTL,VSTL.NS,NSE,Vishnu Starch & Chemicals Ltd,Chemicals,NIFTYMICROCAP,TRUE
AJOONI,AJOONI.NS,NSE,Ajooni Biotech Ltd,Healthcare,NIFTYMICROCAP,TRUE
GENUSPAPER,GENUSPAPER.NS,NSE,Genus Paper & Boards Ltd,Forest Materials,NIFTYMICROCAP,TRUE
UFLEX,UFLEX.NS,NSE,UFLEX Ltd,Capital Goods,NIFTYMICROCAP,TRUE
STARCEMENT,STARCEMENT.NS,NSE,Star Cement Ltd,Construction Materials,NIFTYMICROCAP,TRUE
BOROLTD,BOROLTD.NS,NSE,Borosil Ltd,Consumer Durables,NIFTYMICROCAP,TRUE
STYRENIX,STYRENIX.NS,NSE,Styrenix Performance Materials Ltd,Chemicals,NIFTYMICROCAP,TRUE
KIRIINDUS,KIRIINDUS.NS,NSE,Kiri Industries Ltd,Chemicals,NIFTYMICROCAP,TRUE
TEJASNET,TEJASNET.NS,NSE,Tejas Networks Ltd,Telecommunication,NIFTYMICROCAP,TRUE
SANOFI,SANOFI.NS,NSE,Sanofi India Ltd,Healthcare,NIFTYMICROCAP,TRUE
PILANIINVS,PILANIINVS.NS,NSE,Pilani Investment and Industries Corporation Ltd,Financial Services,NIFTYMICROCAP,TRUE
PDSL,PDSL.NS,NSE,PDS Ltd,Textiles,NIFTYMICROCAP,TRUE
VIMTALABS,VIMTALABS.NS,NSE,Vimta Labs Ltd,Healthcare,NIFTYMICROCAP,TRUE
NILKAMAL,NILKAMAL.NS,NSE,Nilkamal Ltd,Consumer Durables,NIFTYMICROCAP,TRUE
GREENPANEL,GREENPANEL.NS,NSE,Greenpanel Industries Ltd,Forest Materials,NIFTYMICROCAP,TRUE
ARMANFIN,ARMANFIN.NS,NSE,Arman Financial Services Ltd,Financial Services,NIFTYMICROCAP,TRUE
ALLCARGO,ALLCARGO.NS,NSE,Allcargo Logistics Ltd,Services,NIFTYMICROCAP,TRUE
PRINCEPIPE,PRINCEPIPE.NS,NSE,Prince Pipes and Fittings Ltd,Capital Goods,NIFTYMICROCAP,TRUE
PRSMJOHNSN,PRSMJOHNSN.NS,NSE,Prism Johnson Ltd,Construction Materials,NIFTYMICROCAP,TRUE
SAFARI,SAFARI.NS,NSE,Safari Industries (India) Ltd,Consumer Durables,NIFTYMICROCAP,TRUE
SKIPPER,SKIPPER.NS,NSE,Skipper Ltd,Capital Goods,NIFTYMICROCAP,TRUE
MMTC,MMTC.NS,NSE,MMTC Ltd,Services,NIFTYMICROCAP,TRUE
PARAGON,PARAGON.NS,NSE,Paragon Finance Ltd,Financial Services,NIFTYMICROCAP,TRUE
GUJALKALI,GUJALKALI.NS,NSE,Gujarat Alkalies and Chemicals Ltd,Chemicals,NIFTYMICROCAP,TRUE
RAJESHEXPO,RAJESHEXPO.NS,NSE,Rajesh Exports Ltd,Consumer Durables,NIFTYMICROCAP,TRUE
SHREDIGCEM,SHREDIGCEM.NS,NSE,Shree Digvijay Cement Company Ltd,Construction Materials,NIFTYMICROCAP,TRUE
PRICOLLTD,PRICOLLTD.NS,NSE,Pricol Ltd,Automobile and Auto Components,NIFTYMICROCAP,TRUE
JTLIND,JTLIND.NS,NSE,JTL Industries Ltd,Metals & Mining,NIFTYMICROCAP,TRUE
IGPL,IGPL.NS,NSE,IG Petrochemicals Ltd,Chemicals,NIFTYMICROCAP,TRUE
NCLIND,NCLIND.NS,NSE,NCL Industries Ltd,Construction Materials,NIFTYMICROCAP,TRUE
AMBANIORG,AMBANIORG.NS,NSE,Ambani Organics Ltd,Chemicals,NIFTYMICROCAP,TRUE
MIDHANI,MIDHANI.NS,NSE,Mishra Dhatu Nigam Ltd,Metals & Mining,NIFTYMICROCAP,TRUE
SRG,SRGHFL.NS,NSE,SRG Housing Finance Ltd,Financial Services,NIFTYMICROCAP,TRUE
SUBEXLTD,SUBEXLTD.NS,NSE,Subex Ltd,Information Technology,NIFTYMICROCAP,TRUE
INOXGREEN,INOXGREEN.NS,NSE,Inox Green Energy Services Ltd,Power,NIFTYMICROCAP,TRUE
CELLO,CELLO.NS,NSE,Cello World Ltd,Consumer Durables,NIFTYMICROCAP,TRUE
ESTER,ESTER.NS,NSE,Ester Industries Ltd,Chemicals,NIFTYMICROCAP,TRUE
SBGLP,SBGLP.NS,NSE,Sievert Bharat Glass & Lamps Pvt Ltd,Capital Goods,NIFTYMICROCAP,TRUE
SIGACHI,SIGACHI.NS,NSE,Sigachi Industries Ltd,Chemicals,NIFTYMICROCAP,TRUE
TARSONS,TARSONS.NS,NSE,Tarsons Products Ltd,Healthcare,NIFTYMICROCAP,TRUE
UJJIVANSFB,UJJIVANSFB.NS,NSE,Ujjivan Small Finance Bank Ltd,Financial Services,NIFTYMICROCAP,TRUE
PANACEABIO,PANACEABIO.NS,NSE,Panacea Biotec Ltd,Healthcare,NIFTYMICROCAP,TRUE
JKIL,JKIL.NS,NSE,J Kumar Infraprojects Ltd,Construction,NIFTYMICROCAP,TRUE
SPAL,SPAL.NS,NSE,S P Apparels Ltd,Textiles,NIFTYMICROCAP,TRUE
XCHANGING,XCHANGING.NS,NSE,Xchanging Solutions Ltd,Information Technology,NIFTYMICROCAP,TRUE
GTPL,GTPL.NS,NSE,GTPL Hathway Ltd,Telecommunication,NIFTYMICROCAP,TRUE
LASA,LASA.NS,NSE,Lasa Supergenerics Ltd,Healthcare,NIFTYMICROCAP,TRUE
GAEL,GAEL.NS,NSE,Gujarat Ambuja Exports Ltd,Fast Moving Consumer Goods,NIFTYMICROCAP,TRUE
ORIENTELEC,ORIENTELEC.NS,NSE,Orient Electric Ltd,Consumer Durables,NIFTYMICROCAP,TRUE
SPENCERS,SPENCERS.NS,NSE,Spencer's Retail Ltd,Consumer Services,NIFTYMICROCAP,TRUE
FLEXITUFF,FLEXITUFF.NS,NSE,Flexituff Ventures International Ltd,Capital Goods,NIFTYMICROCAP,TRUE
KERNEX,KERNEX.NS,NSE,Kernex Microsystems (India) Ltd,Information Technology,NIFTYMICROCAP,TRUE
STEL,STEL.NS,NSE,Stel Holdings Ltd,Financial Services,NIFTYMICROCAP,TRUE
SATIA,SATIA.NS,NSE,Satia Industries Ltd,Forest Materials,NIFTYMICROCAP,TRUE
HEMIPROP,HEMIPROP.NS,NSE,Hemisphere Properties India Ltd,Realty,NIFTYMICROCAP,TRUE
JLHL,JLHL.NS,NSE,Jupiter Life Line Hospitals Ltd,Healthcare,NIFTYMICROCAP,TRUE
WINDLAS,WINDLAS.NS,NSE,Windlas Biotech Ltd,Healthcare,NIFTYMICROCAP,TRUE
OMAXE,OMAXE.NS,NSE,Omaxe Ltd,Realty,NIFTYMICROCAP,TRUE
VMART,VMART.NS,NSE,V-Mart Retail Ltd,Consumer Services,NIFTYMICROCAP,TRUE
ADFFOODS,ADFFOODS.NS,NSE,ADF Foods Ltd,Fast Moving Consumer Goods,NIFTYMICROCAP,TRUE
HINDOILEXP,HINDOILEXP.NS,NSE,Hindustan Oil Exploration Company Ltd,Oil Gas & Consumable Fuels,NIFTYMICROCAP,TRUE
GENCON,GENCON.NS,NSE,Generic Engineering Construction and Projects Ltd,Construction,NIFTYMICROCAP,TRUE
ORISSAMINE,ORISSAMINE.NS,NSE,The Orissa Minerals Development Company Ltd,Metals & Mining,NIFTYMICROCAP,TRUE
TEAMLEASE,TEAMLEASE.NS,NSE,TeamLease Services Ltd,Services,NIFTYMICROCAP,TRUE
QUESS,QUESS.NS,NSE,Quess Corp Ltd,Services,NIFTYMICROCAP,TRUE
LLOYDSENGG,LLOYDSENGG.NS,NSE,Lloyd's Metals & Engineering Ltd,Metals & Mining,NIFTYMICROCAP,TRUE
ACCELYA,ACCELYA.NS,NSE,Accelya Solutions India Ltd,Information Technology,NIFTYMICROCAP,TRUE
DBREALTY,DBREALTY.NS,NSE,D B Realty Ltd,Realty,NIFTYMICROCAP,TRUE
SEPC,SEPC.NS,NSE,SEPC Ltd,Capital Goods,NIFTYMICROCAP,TRUE
BTML,BTML.NS,NSE,Bloom Dekor Ltd,Consumer Durables,NIFTYMICROCAP,TRUE
PURVA,PURVA.NS,NSE,Puravankara Ltd,Realty,NIFTYMICROCAP,TRUE
RELINFRA,RELINFRA.NS,NSE,Reliance Infrastructure Ltd,Construction,NIFTYMICROCAP,TRUE
DEN,DEN.NS,NSE,Den Networks Ltd,Telecommunication,NIFTYMICROCAP,TRUE
KOLTEPATIL,KOLTEPATIL.NS,NSE,Kolte-Patil Developers Ltd,Realty,NIFTYMICROCAP,TRUE
PODDARMENT,PODDARMENT.NS,NSE,Poddar Housing and Development Ltd,Realty,NIFTYMICROCAP,TRUE
INDIGOPNTS,INDIGOPNTS.NS,NSE,Indigo Paints Ltd,Consumer Durables,NIFTYMICROCAP,TRUE
NEWGEN,NEWGEN.NS,NSE,Newgen Software Technologies Ltd,Information Technology,NIFTYMICROCAP,TRUE
SSWL,SSWL.NS,NSE,Steel Strips Wheels Ltd,Automobile and Auto Components,NIFTYMICROCAP,TRUE
PENIND,PENIND.NS,NSE,Pen Industries Ltd,Capital Goods,NIFTYMICROCAP,TRUE
SJS,SJS.NS,NSE,SJS Enterprises Ltd,Automobile and Auto Components,NIFTYMICROCAP,TRUE
ORIENTPPR,ORIENTPPR.NS,NSE,Orient Paper and Industries Ltd,Forest Materials,NIFTYMICROCAP,TRUE
TVTODAY,TVTODAY.NS,NSE,TV Today Network Ltd,Media Entertainment & Publication,NIFTYMICROCAP,TRUE
VISAKAIND,VISAKAIND.NS,NSE,Visaka Industries Ltd,Capital Goods,NIFTYMICROCAP,TRUE
INGERRAND,INGERRAND.NS,NSE,Ingersoll-Rand (India) Ltd,Capital Goods,NIFTYMICROCAP,TRUE
RPSGVENT,RPSGVENT.NS,NSE,RPSG Ventures Ltd,Consumer Services,NIFTYMICROCAP,TRUE
RUPA,RUPA.NS,NSE,Rupa & Company Ltd,Textiles,NIFTYMICROCAP,TRUE
UNIENTER,UNIENTER.NS,NSE,Unienter Enterprises Ltd,Consumer Services,NIFTYMICROCAP,TRUE
UTIAMC,UTIAMC.NS,NSE,UTI Asset Management Company Ltd,Financial Services,NIFTYMICROCAP,TRUE
WSTCSTPAPR,WSTCSTPAPR.NS,NSE,West Coast Paper Mills Ltd,Forest Materials,NIFTYMICROCAP,TRUE
GHCL,GHCL.NS,NSE,GHCL Ltd,Chemicals,NIFTYMICROCAP,TRUE
MAHASTEEL,MAHASTEEL.NS,NSE,Maharashtra Steel Ltd,Metals & Mining,NIFTYMICROCAP,TRUE
HGINFRA,HGINFRA.NS,NSE,H.G. Infra Engineering Ltd,Construction,NIFTYMICROCAP,TRUE
ALKYLAMINE,ALKYLAMINE.NS,NSE,Alkyl Amines Chemicals Ltd,Chemicals,NIFTYMICROCAP,TRUE
HPIL,HPIL.NS,NSE,Hindustan Petroleum Industries Ltd,Oil Gas & Consumable Fuels,NIFTYMICROCAP,TRUE
PCBL,PCBL.NS,NSE,PCBL Chemical Ltd,Chemicals,NIFTYMICROCAP,TRUE
NILE,NILE.NS,NSE,Nile Ltd,Metals & Mining,NIFTYMICROCAP,TRUE
REPCOHOME,REPCOHOME.NS,NSE,Repco Home Finance Ltd,Financial Services,NIFTYMICROCAP,TRUE
JASH,JASH.NS,NSE,Jash Engineering Ltd,Capital Goods,NIFTYMICROCAP,TRUE
RUSHIL,RUSHIL.NS,NSE,Rushil Decor Ltd,Consumer Durables,NIFTYMICROCAP,TRUE
MANAKSTEEL,MANAKSTEEL.NS,NSE,Manaksia Steels Ltd,Metals & Mining,NIFTYMICROCAP,TRUE
NELCO,NELCO.NS,NSE,NELCO Ltd,Information Technology,NIFTYMICROCAP,TRUE
MBLINFRA,MBLINFRA.NS,NSE,MBL Infrastructure Ltd,Construction,NIFTYMICROCAP,TRUE
PALREDTEC,PALREDTEC.NS,NSE,Palred Technologies Ltd,Information Technology,NIFTYMICROCAP,TRUE
MANAKALUCO,MANAKALUCO.NS,NSE,Manaksia Coated Metals & Industries Ltd,Metals & Mining,NIFTYMICROCAP,TRUE
SSDL,SSDL.NS,NSE,Shree Steel and Mines Ltd,Metals & Mining,NIFTYMICROCAP,TRUE
DCBBANK,DCBBANK.NS,NSE,DCB Bank Ltd,Financial Services,NIFTYMICROCAP,TRUE
SRHHYPOLTD,SRHHYPOLTD.NS,NSE,SRH Hyderabad Pharma Ltd,Healthcare,NIFTYMICROCAP,TRUE
BIRLACORPN,BIRLACORPN.NS,NSE,Birla Corporation Ltd,Construction Materials,NIFTYMICROCAP,TRUE
PNBGILTS,PNBGILTS.NS,NSE,PNB Gilts Ltd,Financial Services,NIFTYMICROCAP,TRUE
SHANKARA,SHANKARA.NS,NSE,Shankara Building Products Ltd,Construction Materials,NIFTYMICROCAP,TRUE
PRECAM,PRECAM.NS,NSE,Precision Camshafts Ltd,Automobile and Auto Components,NIFTYMICROCAP,TRUE
GANESHBE,GANESHBE.NS,NSE,Ganesh Benzoplast Ltd,Chemicals,NIFTYMICROCAP,TRUE
DLINKINDIA,DLINKINDIA.NS,NSE,D-Link (India) Ltd,Information Technology,NIFTYMICROCAP,TRUE
SANWARIA,SANWARIA.NS,NSE,Sanwaria Consumer Ltd,Fast Moving Consumer Goods,NIFTYMICROCAP,TRUE
GANDHAR,GANDHAR.NS,NSE,Gandhar Oil Refinery (India) Ltd,Oil Gas & Consumable Fuels,NIFTYMICROCAP,TRUE
HCC,HCC.NS,NSE,Hindustan Construction Company Ltd,Construction,NIFTYMICROCAP,TRUE
SHK,SHK.NS,NSE,S H Kelkar and Company Ltd,Chemicals,NIFTYMICROCAP,TRUE
DCXINDIA,DCXINDIA.NS,NSE,DCX Systems Ltd,Capital Goods,NIFTYMICROCAP,TRUE
HIKAL,HIKAL.NS,NSE,Hikal Ltd,Chemicals,NIFTYMICROCAP,TRUE
AVADHSUGAR,AVADHSUGAR.NS,NSE,Avadh Sugar & Energy Ltd,Fast Moving Consumer Goods,NIFTYMICROCAP,TRUE
GOLDIAM,GOLDIAM.NS,NSE,Goldiam International Ltd,Consumer Durables,NIFTYMICROCAP,TRUE
FMGOETZE,FMGOETZE.NS,NSE,Federal-Mogul Goetze (India) Ltd,Automobile and Auto Components,NIFTYMICROCAP,TRUE
DBCORP,DBCORP.NS,NSE,D.B. Corp Ltd,Media Entertainment & Publication,NIFTYMICROCAP,TRUE
IOLCP,IOLCP.NS,NSE,IOL Chemicals and Pharmaceuticals Ltd,Healthcare,NIFTYMICROCAP,TRUE
PRECWIRE,PRECWIRE.NS,NSE,Precision Wires India Ltd,Capital Goods,NIFTYMICROCAP,TRUE
HMT,HMT.NS,NSE,HMT Ltd,Capital Goods,NIFTYMICROCAP,TRUE
KRISHNADEF,KRISHNADEF.NS,NSE,Krishna Defence and Allied Industries Ltd,Capital Goods,NIFTYMICROCAP,TRUE
INDRAMEDCO,INDRAMEDCO.NS,NSE,Indraprastha Medical Corporation Ltd,Healthcare,NIFTYMICROCAP,TRUE
AAVAS,AAVAS.NS,NSE,Aavas Financiers Ltd,Financial Services,NIFTYMICROCAP,TRUE
SURANAT&P,SURANAT&P.NS,NSE,Surat Natural Gas Ltd,Oil Gas & Consumable Fuels,NIFTYMICROCAP,TRUE
RAMCOSYS,RAMCOSYS.NS,NSE,Ramco Systems Ltd,Information Technology,NIFTYMICROCAP,TRUE
SPLIL,SPLIL.NS,NSE,Standard Industries Ltd,Textiles,NIFTYMICROCAP,TRUE
PARAS,PARAS.NS,NSE,Paras Defence and Space Technologies Ltd,Capital Goods,NIFTYMICROCAP,TRUE
GMMPFAUDLR,GMMPFAUDLR.NS,NSE,GMM Pfaudler Ltd,Capital Goods,NIFTYMICROCAP,TRUE
KPIGREEN,KPIGREEN.NS,NSE,KPI Green Energy Ltd,Power,NIFTYMICROCAP,TRUE
JYOTIRES,JYOTIRES.NS,NSE,Jyoti Resins and Adhesives Ltd,Chemicals,NIFTYMICROCAP,TRUE
MAYURUNIQ,MAYURUNIQ.NS,NSE,Mayur Uniquoters Ltd,Textiles,NIFTYMICROCAP,TRUE
KOTHARIPET,KOTHARIPET.NS,NSE,Kothari Petrochemicals Ltd,Chemicals,NIFTYMICROCAP,TRUE
MUKTAARTS,MUKTAARTS.NS,NSE,Mukta Arts Ltd,Media Entertainment & Publication,NIFTYMICROCAP,TRUE
SUNDRMBRAK,SUNDRMBRAK.NS,NSE,Sundaram-Clayton Ltd,Automobile and Auto Components,NIFTYMICROCAP,TRUE
YATHARTH,YATHARTH.NS,NSE,Yatharth Hospital & Trauma Care Services Ltd,Healthcare,NIFTYMICROCAP,TRUE
TIPSFILMS,TIPSFILMS.NS,NSE,Tips Films Ltd,Media Entertainment & Publication,NIFTYMICROCAP,TRUE
PKTEA,PKTEA.NS,NSE,Penguin Kitchens Ltd,Fast Moving Consumer Goods,NIFTYMICROCAP,TRUE
TARMAT,TARMAT.NS,NSE,Tarmat Ltd,Construction,NIFTYMICROCAP,TRUE
MCLEODRUSS,MCLEODRUSS.NS,NSE,McLeod Russel India Ltd,Fast Moving Consumer Goods,NIFTYMICROCAP,TRUE
PANAMAPET,PANAMAPET.NS,NSE,Panama Petrochem Ltd,Chemicals,NIFTYMICROCAP,TRUE
JGCHEM,JGCHEM.NS,NSE,J.G. Chemicals Ltd,Chemicals,NIFTYMICROCAP,TRUE
STOVEKRAFT,STOVEKRAFT.NS,NSE,Stovekraft Ltd,Consumer Durables,NIFTYMICROCAP,TRUE
GANDHITUBE,GANDHITUBE.NS,NSE,Gandhi Special Tubes Ltd,Capital Goods,NIFTYMICROCAP,TRUE
SUMIT,SUMIT.NS,NSE,Sumit Woods Ltd,Realty,NIFTYMICROCAP,TRUE
SAHYADRI,SAHYADRI.NS,NSE,Sahyadri Industries Ltd,Construction Materials,NIFTYMICROCAP,TRUE
ORBTEXP,ORBTEXP.NS,NSE,Orient Bell Ltd,Construction Materials,NIFTYMICROCAP,TRUE
RAJRATAN,RAJRATAN.NS,NSE,Rajratan Global Wire Ltd,Capital Goods,NIFTYMICROCAP,TRUE
EVEREADY,EVEREADY.NS,NSE,Eveready Industries India Ltd,Consumer Durables,NIFTYMICROCAP,TRUE
PGIL,PGIL.NS,NSE,Pearl Global Industries Ltd,Textiles,NIFTYMICROCAP,TRUE
TEXINFRA,TEXINFRA.NS,NSE,Texmaco Infrastructure & Holdings Ltd,Capital Goods,NIFTYMICROCAP,TRUE
VISHNU,VISHNU.NS,NSE,Vishnu Chemicals Ltd,Chemicals,NIFTYMICROCAP,TRUE
GKWLIMITED,GKWLIMITED.NS,NSE,GKW Ltd,Capital Goods,NIFTYMICROCAP,TRUE
BIGBLOC,BIGBLOC.NS,NSE,Bigbloc Construction Ltd,Construction Materials,NIFTYMICROCAP,TRUE
GRCL,GRCL.NS,NSE,Garuda Construction and Engineering Ltd,Construction,NIFTYMICROCAP,TRUE
INVENTURE,INVENTURE.NS,NSE,Inventure Growth & Securities Ltd,Financial Services,NIFTYMICROCAP,TRUE
ONMOBILE,ONMOBILE.NS,NSE,OnMobile Global Ltd,Information Technology,NIFTYMICROCAP,TRUE
ALMONDZ,ALMONDZ.NS,NSE,Almondz Global Securities Ltd,Financial Services,NIFTYMICROCAP,TRUE
PILITA,PILITA.NS,NSE,PIL Italia Ltd,Chemicals,NIFTYMICROCAP,TRUE
RSWM,RSWM.NS,NSE,RSWM Ltd,Textiles,NIFTYMICROCAP,TRUE
KRISHIVAL,KRISHIVAL.NS,NSE,Krishival Foods Ltd,Fast Moving Consumer Goods,NIFTYMICROCAP,TRUE
MOSCHIP,MOSCHIP.NS,NSE,MosChip Technologies Ltd,Information Technology,NIFTYMICROCAP,TRUE
ATAM,ATAM.NS,NSE,Atam Valves Ltd,Capital Goods,NIFTYMICROCAP,TRUE
KANCHI,KANCHI.NS,NSE,Kanchi Karpooram Ltd,Chemicals,NIFTYMICROCAP,TRUE
VENUSREM,VENUSREM.NS,NSE,Venus Remedies Ltd,Healthcare,NIFTYMICROCAP,TRUE
BALAJITELE,BALAJITELE.NS,NSE,Balaji Telefilms Ltd,Media Entertainment & Publication,NIFTYMICROCAP,TRUE
SWARAJENG,SWARAJENG.NS,NSE,Swaraj Engines Ltd,Automobile and Auto Components,NIFTYMICROCAP,TRUE
KESORAMIND,KESORAMIND.NS,NSE,Kesoram Industries Ltd,Construction Materials,NIFTYMICROCAP,TRUE
UGARSUGAR,UGARSUGAR.NS,NSE,The Ugar Sugar Works Ltd,Fast Moving Consumer Goods,NIFTYMICROCAP,TRUE
GANGESSECU,GANGESSECU.NS,NSE,Ganges Securities Ltd,Financial Services,NIFTYMICROCAP,TRUE
ANMOL,ANMOL.NS,NSE,Anmol Industries Ltd,Fast Moving Consumer Goods,NIFTYMICROCAP,TRUE
SANGAMIND,SANGAMIND.NS,NSE,Sangam India Ltd,Textiles,NIFTYMICROCAP,TRUE
INDORAMA,INDORAMA.NS,NSE,Indo Rama Synthetics (India) Ltd,Textiles,NIFTYMICROCAP,TRUE
BRNL,BRNL.NS,NSE,Bharti Real Estate Ltd,Realty,NIFTYMICROCAP,TRUE
FIEMIND,FIEMIND.NS,NSE,Fiem Industries Ltd,Automobile and Auto Components,NIFTYMICROCAP,TRUE
SUDARSCHEM,SUDARSCHEM.NS,NSE,Sudarshan Chemical Industries Ltd,Chemicals,NIFTYMICROCAP,TRUE
KAMDHENU,KAMDHENU.NS,NSE,Kamdhenu Ltd,Metals & Mining,NIFTYMICROCAP,TRUE
SWSOLAR,SWSOLAR.NS,NSE,Sterling and Wilson Renewable Energy Ltd,Power,NIFTYMICROCAP,TRUE
MAGNUM,MAGNUM.NS,NSE,Magnum Ventures Ltd,Media Entertainment & Publication,NIFTYMICROCAP,TRUE
GMBREW,GMBREW.NS,NSE,GM Breweries Ltd,Fast Moving Consumer Goods,NIFTYMICROCAP,TRUE
RKEC,RKEC.NS,NSE,RKEC Projects Ltd,Construction,NIFTYMICROCAP,TRUE
HARSHA,HARSHA.NS,NSE,Harsha Engineers International Ltd,Capital Goods,NIFTYMICROCAP,TRUE
VOLTAMP,VOLTAMP.NS,NSE,Voltamp Transformers Ltd,Capital Goods,NIFTYMICROCAP,TRUE
XTGLOBAL,XTGLOBAL.NS,NSE,XTGlobal Ltd,Information Technology,NIFTYMICROCAP,TRUE
TRIGYN,TRIGYN.NS,NSE,Trigyn Technologies Ltd,Information Technology,NIFTYMICROCAP,TRUE
PNCINFRA,PNCINFRA.NS,NSE,PNC Infratech Ltd,Construction,NIFTYMICROCAP,TRUE
LUMAXTECH,LUMAXTECH.NS,NSE,Lumax Auto Technologies Ltd,Automobile and Auto Components,NIFTYMICROCAP,TRUE
CAPACITE,CAPACITE.NS,NSE,Capacit'e Infraprojects Ltd,Construction,NIFTYMICROCAP,TRUE
GOACARBON,GOACARBON.NS,NSE,Goa Carbon Ltd,Chemicals,NIFTYMICROCAP,TRUE
KAKATCEM,KAKATCEM.NS,NSE,Kakatiya Cement Sugar & Industries Ltd,Construction Materials,NIFTYMICROCAP,TRUE
ZEEL,ZEEL.NS,NSE,Zee Entertainment Enterprises Ltd,Media Entertainment & Publication,NIFTYMICROCAP,TRUE
KIRLOSIND,KIRLOSIND.NS,NSE,Kirloskar Industries Ltd,Capital Goods,NIFTYMICROCAP,TRUE
NETWORK18,NETWORK18.NS,NSE,Network18 Media & Investments Ltd,Media Entertainment & Publication,NIFTYMICROCAP,TRUE
ISGEC,ISGEC.NS,NSE,Isgec Heavy Engineering Ltd,Capital Goods,NIFTYMICROCAP,TRUE
GSTL,GSTL.NS,NSE,Gyscoal Alloys Ltd,Metals & Mining,NIFTYMICROCAP,TRUE
SANGHVIMOV,SANGHVIMOV.NS,NSE,Sanghvi Movers Ltd,Services,NIFTYMICROCAP,TRUE
SURYODAY,SURYODAY.NS,NSE,Suryoday Small Finance Bank Ltd,Financial Services,NIFTYMICROCAP,TRUE
MAANALU,MAANALU.NS,NSE,Maan Aluminium Ltd,Metals & Mining,NIFTYMICROCAP,TRUE
KRIDHANINF,KRIDHANINF.NS,NSE,Kridhan Infra Ltd,Construction,NIFTYMICROCAP,TRUE
TANLA,TANLA.NS,NSE,Tanla Platforms Ltd,Information Technology,NIFTYMICROCAP,TRUE
EQUITASBNK,EQUITASBNK.NS,NSE,Equitas Small Finance Bank Ltd,Financial Services,NIFTYMICROCAP,TRUE
SULA,SULA.NS,NSE,Sula Vineyards Ltd,Fast Moving Consumer Goods,NIFTYMICROCAP,TRUE
KENNAMET,KENNAMET.NS,NSE,Kennametal India Ltd,Capital Goods,NIFTYMICROCAP,TRUE
SMSPHARMA,SMSPHARMA.NS,NSE,SMS Pharmaceuticals Ltd,Healthcare,NIFTYMICROCAP,TRUE
SHEMAROO,SHEMAROO.NS,NSE,Shemaroo Entertainment Ltd,Media Entertainment & Publication,NIFTYMICROCAP,TRUE
UNITEDTEA,UNITEDTEA.NS,NSE,United Plantations Berhad Ltd,Fast Moving Consumer Goods,NIFTYMICROCAP,TRUE
ZODIACLOTH,ZODIACLOTH.NS,NSE,Zodiac Clothing Company Ltd,Textiles,NIFTYMICROCAP,TRUE
GRINFRA,GRINFRA.NS,NSE,GR Infraprojects Ltd,Construction,NIFTYMICROCAP,TRUE
AHLEAST,AHLEAST.NS,NSE,Asian Hotels (East) Ltd,Consumer Services,NIFTYMICROCAP,TRUE
ZENITHEXPO,ZENITHEXPO.NS,NSE,Zenith Exports Ltd,Textiles,NIFTYMICROCAP,TRUE
VISHWARAJ,VISHWARAJ.NS,NSE,Vishwaraj Sugar Industries Ltd,Fast Moving Consumer Goods,NIFTYMICROCAP,TRUE
BLKASHYAP,BLKASHYAP.NS,NSE,B.L. Kashyap and Sons Ltd,Construction,NIFTYMICROCAP,TRUE
HARIOMPIPE,HARIOMPIPE.NS,NSE,Hariom Pipe Industries Ltd,Metals & Mining,NIFTYMICROCAP,TRUE
ASHIANA,ASHIANA.NS,NSE,Ashiana Housing Ltd,Realty,NIFTYMICROCAP,TRUE
BHAGYANGR,BHAGYANGR.NS,NSE,Bhagyanagar India Ltd,Capital Goods,NIFTYMICROCAP,TRUE
JAIBALAJI,JAIBALAJI.NS,NSE,Jai Balaji Industries Ltd,Metals & Mining,NIFTYMICROCAP,TRUE
LCCINFOTEC,LCCINFOTEC.NS,NSE,LCC Infotech Ltd,Information Technology,NIFTYMICROCAP,TRUE
MOLDTECH,MOLDTECH.NS,NSE,Moldtech Systems Ltd,Capital Goods,NIFTYMICROCAP,TRUE
ARVSMART,ARVSMART.NS,NSE,Arvind SmartSpaces Ltd,Realty,NIFTYMICROCAP,TRUE
UNIPARTS,UNIPARTS.NS,NSE,Uni Parts India Ltd,Automobile and Auto Components,NIFTYMICROCAP,TRUE
BANSWRAS,BANSWRAS.NS,NSE,Banswara Syntex Ltd,Textiles,NIFTYMICROCAP,TRUE
JAYBARMARU,JAYBARMARU.NS,NSE,Jay Bharat Maruti Ltd,Automobile and Auto Components,NIFTYMICROCAP,TRUE
EXCELINDUS,EXCELINDUS.NS,NSE,Excel Industries Ltd,Chemicals,NIFTYMICROCAP,TRUE
SUVIDHAA,SUVIDHAA.NS,NSE,Suvidhaa Infoserve Ltd,Information Technology,NIFTYMICROCAP,TRUE
AJMERA,AJMERA.NS,NSE,Ajmera Realty & Infra India Ltd,Realty,NIFTYMICROCAP,TRUE
GUFICBIO,GUFICBIO.NS,NSE,Gufic Biosciences Ltd,Healthcare,NIFTYMICROCAP,TRUE
GREENPLY,GREENPLY.NS,NSE,Greenply Industries Ltd,Forest Materials,NIFTYMICROCAP,TRUE
DELTACORP,DELTACORP.NS,NSE,Delta Corp Ltd,Consumer Services,NIFTYMICROCAP,TRUE
AARNAV,AARNAV.NS,NSE,Aarnav Fashions Ltd,Textiles,NIFTYMICROCAP,TRUE
VSSL,VSSL.NS,NSE,Vardhman Special Steels Ltd,Metals & Mining,NIFTYMICROCAP,TRUE
JITFINFRA,JITFINFRA.NS,NSE,JITF Infralogistics Ltd,Services,NIFTYMICROCAP,TRUE
SAKAR,SAKAR.NS,NSE,Sakar Healthcare Ltd,Healthcare,NIFTYMICROCAP,TRUE
AVSL,AVSL.NS,NSE,Anand Vishnu Sports Limited,Consumer Services,NIFTYMICROCAP,TRUE
ZENSARTECH,ZENSARTECH.NS,NSE,Zensar Technologies Ltd,Information Technology,NIFTYMICROCAP,TRUE
GRPLTD,GRPLTD.NS,NSE,GRP Ltd,Automobile and Auto Components,NIFTYMICROCAP,TRUE
SURYALAXMI,SURYALAXMI.NS,NSE,Suryalaxmi Cotton Mills Ltd,Textiles,NIFTYMICROCAP,TRUE
GPPL,GPPL.NS,NSE,Gujarat Pipavav Port Ltd,Services,NIFTYMICROCAP,TRUE
NILAINFRA,NILAINFRA.NS,NSE,Nila Infrastructures Ltd,Construction,NIFTYMICROCAP,TRUE
KICL,KICL.NS,NSE,Kinetic Industrial & Chemical Ltd,Chemicals,NIFTYMICROCAP,TRUE
JINDALPHOT,JINDALPHOT.NS,NSE,Jindal Photo Films Ltd,Capital Goods,NIFTYMICROCAP,TRUE
SILVERTUC,SILVERTUC.NS,NSE,Silver Touch Technologies Ltd,Information Technology,NIFTYMICROCAP,TRUE
ASHIMASYN,ASHIMASYN.NS,NSE,Ashima Ltd,Textiles,NIFTYMICROCAP,TRUE
BOMDYEING,BOMDYEING.NS,NSE,Bombay Dyeing & Manufacturing Company Ltd,Textiles,NIFTYMICROCAP,TRUE
GENESYS,GENESYS.NS,NSE,Genesys International Corporation Ltd,Information Technology,NIFTYMICROCAP,TRUE
MAHLIFE,MAHLIFE.NS,NSE,Mahindra Lifespace Developers Ltd,Realty,NIFTYMICROCAP,TRUE
PRAKASHSTL,PRAKASHSTL.NS,NSE,Prakash Industries Ltd,Metals & Mining,NIFTYMICROCAP,TRUE
BHAGERIA,BHAGERIA.NS,NSE,Bhageria Industries Ltd,Chemicals,NIFTYMICROCAP,TRUE
TEXMOPIPES,TEXMOPIPES.NS,NSE,Texmo Pipes and Products Ltd,Capital Goods,NIFTYMICROCAP,TRUE
DPWIRES,DPWIRES.NS,NSE,DP Wires Ltd,Capital Goods,NIFTYMICROCAP,TRUE
NAGAFERT,NAGAFERT.NS,NSE,Nagarjuna Fertilizers and Chemicals Ltd,Chemicals,NIFTYMICROCAP,TRUE
SMCGLOBAL,SMCGLOBAL.NS,NSE,SMC Global Securities Ltd,Financial Services,NIFTYMICROCAP,TRUE
ALEMBICLTD,ALEMBICLTD.NS,NSE,Alembic Ltd,Healthcare,NIFTYMICROCAP,TRUE
JKTYRE,JKTYRE.NS,NSE,JK Tyre & Industries Ltd,Automobile and Auto Components,NIFTYMICROCAP,TRUE
